first,tempo,scale,chroma_stft,zero_crossing_rate,rolloff,spectral_centroid,spectral_bandwidth,rmse,dance,percentile_10,percentile_90,dynam_comp
0,120,0,0.5242230296134949,0.02090083178468962,2664.667200896058,1377.477060749791,2075.300853568035,0.1413934379816055,1.263132810592651,141.7299530029297,177.5566223144531,2.041164875030518
1,80,0,0.3991244733333588,0.02008131211475068,1838.009453427528,1059.352221343958,1567.919731875113,0.08247727900743483,1.07525360584259,43.94010162353516,122.457088470459,3.658321142196655
2,140,0,0.4764842092990875,0.02518496804629858,3248.409602295582,1561.987041096555,2167.434706960729,0.1204194948077202,0.9179509878158568,85.55699996948242,203.7702819824219,2.42132830619812
3,80,0,0.4575157165527344,0.01717298804977319,1790.779867516943,992.6798728230673,1563.519133665643,0.0847330391407013,1.073516845703125,36.81094360351562,122.9444351196289,4.127068996429443
4,140,0,0.4290754199028015,0.02329365195219744,2770.995125702265,1391.964632820489,1978.019340101686,0.1142948120832443,1.032217502593994,84.42430114746094,183.0684814453125,2.052952289581299
5,60,0,0.3656774759292603,0.01388126249744147,1444.598712701327,798.2202120014398,1301.749361600091,0.09149982035160063,1.058697581291199,38.33166999816896,226.1329208374024,3.738057613372801
6,100,0,0.3225551545619965,0.04152000845110943,5224.853740380466,2371.036870987,3015.835918339137,0.06655297428369522,0.9006149768829346,38.54652404785156,84.52450561523438,3.010493040084839
7,60,0,0.2769817113876343,0.01977398966693214,1618.331714768458,862.3288607506827,1189.540865942531,0.04365754127502442,0.9349925518035888,22.79689598083496,55.68616104125977,4.053680419921875
8,80,1,0.2599341869354248,0.02937256552452631,1924.202634398104,1131.346902645353,1595.440632024476,0.04754650965332985,0.99836403131485,24.59283676147461,54.64573822021485,3.535719156265259
9,100,0,0.3382982015609741,0.01427105980498732,619.4299654150198,467.9784599002634,746.1701919474796,0.1154471188783645,1.000707030296326,88.00051574707031,160.5050537109375,2.052939414978028
10,120,1,0.3638075292110443,0.01310852348249889,443.8129450158228,378.887509558741,687.0021143523225,0.1184458136558533,0.8785027861595154,87.66670227050781,169.7869567871094,2.971846342086792
11,140,0,0.3402204215526581,0.02702183526810393,1994.491040634949,1089.343760429779,1507.780207700626,0.05427902191877365,0.9369181990623474,26.39798011779785,66.81384887695313,3.729515552520752
12,60,1,0.3224422037601471,0.01470439089514368,862.3936890599185,602.0046841613251,1022.115602030391,0.07227621972560883,0.8276667594909668,26.76238021850586,122.1673828125,6.282441139221191
13,80,0,0.3462856709957123,0.02040843168075311,1480.944047544919,838.4822196452382,1156.130079686991,0.05620495975017548,0.9483044147491456,27.20608196258545,68.25321502685547,4.031813144683838
14,100,1,0.4545376896858215,0.01288165310619544,957.4494239936439,615.002879211243,1200.457462170815,0.04694107174873352,0.9664356112480164,23.47592926025391,60.18966293334961,3.010911226272583
15,120,0,0.4368788599967957,0.01660144891414519,1362.677080650588,743.3791179866722,1121.781765011601,0.07362081110477448,1.055144071578979,32.88588180541992,92.32781372070312,2.727652072906494
16,140,1,0.3582502901554108,0.0220645797563568,2015.789476373446,975.2745985687295,1273.866772822845,0.0570901595056057,0.9380112886428832,31.85526027679443,60.97988357543945,2.166317462921143
17,60,0,0.3144820034503937,0.02517037662371268,1925.256011590186,1088.851958260793,1461.727825413168,0.02761443704366684,0.9043920636177064,12.12197542190552,31.30822486877442,4.697643280029297
18,80,1,0.355268657207489,0.03595941355467513,2934.170101935331,1903.404634629739,2202.033716786995,0.04213084280490875,1.300996422767639,19.94911289215088,48.85718727111816,5.697769641876223
19,100,0,0.3060841858386993,0.04557959116474442,4387.087118459303,2320.864350092923,2710.243969030531,0.03080691210925579,0.9479678273200988,4.67022967338562,35.65952568054199,5.507674694061278
20,120,1,0.3164482414722443,0.01513854534072344,769.8139843463722,543.9864810253994,880.5704570285042,0.1068684533238411,0.9015337824821472,62.47501678466797,146.1405853271485,2.715318918228149
21,140,0,0.3774019181728363,0.0174743510390877,1006.084701763369,673.9710572449247,1164.226148886969,0.09445665776729584,1.069959044456482,75.71588516235352,116.7916030883789,2.471928596496582
22,60,1,0.3554359078407288,0.01636582279460706,874.1157973857727,611.9134625376596,1150.250352310825,0.06401220709085463,0.996957302093506,34.87521514892578,78.1998306274414,3.596279382705688
23,80,0,0.3734286725521088,0.01717255990438339,976.1106893827035,617.2223961449299,1089.94046792606,0.0743466317653656,1.007166504859924,47.74255828857422,88.25594253540041,3.214106798171997
24,100,1,0.3515562415122986,0.02141177154617629,1583.892328832258,912.2973634596702,1473.372279446748,0.07520221173763275,1.18329381942749,50.91879959106446,88.30724639892578,2.394240379333496
25,120,0,0.3313732445240021,0.02613067207172217,1832.259557038835,1124.163589691187,1703.079632206332,0.07784514129161835,0.8982749581336975,47.13796539306639,99.09166412353515,2.905186414718628
26,140,1,0.3339802920818329,0.02902228106032454,2947.352510517944,1572.982726710387,2253.557224259283,0.07893756031990051,1.095746040344239,48.54205703735352,103.9759292602539,2.735113382339477
27,60,0,0.2997243106365204,0.07544701908541195,6382.471785643055,3243.788046888077,3489.657975969064,0.03729962557554245,0.9606406092643738,6.496262168884277,48.43875198364258,6.168792247772218
28,80,1,0.306813508272171,0.01412592915854144,497.4489587810849,443.5795540320434,787.3957560008478,0.09052218496799468,0.913800060749054,64.4191993713379,130.3800323486328,3.223600387573242
29,100,0,0.3296475112438202,0.01471895221339238,649.9690094557195,490.0450763949593,813.6919228611508,0.1215775385499001,0.9162691235542296,87.15881576538088,174.4180725097656,2.297088623046875
30,120,1,0.4338723421096802,0.01214861372851351,703.1359746174053,428.6495090120991,707.3340628675255,0.1332512944936753,0.9216602444648744,86.08919525146484,199.431022644043,2.67624044418335
31,140,0,0.3984137773513794,0.0147875308523767,960.8939910239363,612.3477043663538,907.783352501517,0.1265808790922165,0.9306527376174928,90.25258407592771,173.4543991088867,3.297483444213867
32,60,1,0.3186820149421692,0.01064150065910239,607.2609447758574,482.3130177308778,894.0212306838882,0.08472055941820145,1.049088597297668,62.75039215087891,99.1778793334961,2.95027756690979
33,80,0,0.2991544008255005,0.01467461315205414,1186.195020768019,744.7112678244142,1156.552323485558,0.09375125914812088,0.9131105542182922,53.95852813720703,141.274380493164,3.214892148971558
34,100,1,0.3350452780723572,0.01794248781113677,3301.751497777676,1547.036915001675,2463.653061895116,0.1102996468544006,0.9075515866279602,73.42905960083006,157.7966796875,2.859524488449097
35,120,0,0.4076168835163117,0.01140474795057797,409.90797461928,336.9364587671135,780.1506333259086,0.1199469640851021,0.9941091537475586,87.17339935302735,164.297526550293,2.546704769134521
36,140,1,0.4378498494625092,0.01141919480409579,550.4144440812855,371.1214331394494,709.6598896090669,0.1051202043890953,1.032695531845093,64.91065673828126,139.3085693359375,2.41854453086853
37,60,0,0.2871655821800232,0.0130800211195835,469.4750120475641,447.0536950815342,853.0611553640538,0.06536706537008287,0.9634523391723632,42.26441497802735,82.14622421264649,3.573551416397095
38,80,1,0.3082953691482544,0.0145401407530403,631.8145290304852,552.1489842877327,961.8916658133653,0.09388083964586258,0.9700970649719238,66.80693359375,123.8140151977539,2.427590608596802
39,100,0,0.3599201738834381,0.02880452856025039,1825.664106511329,1231.586181067373,1590.204424317061,0.09744281321763992,0.8911166191101074,29.27216968536377,148.5746688842773,5.633543968200684
40,120,1,0.3250070512294769,0.03647809525030337,3968.130075080753,1964.153491354155,2535.333303396952,0.08174723386764526,0.8094934225082397,10.29073457717896,125.4640243530274,4.742029666900635
41,140,0,0.3235465586185455,0.02312176911324585,1462.736464480789,881.8124688200961,1218.820410418431,0.08692573010921477,0.7829895615577698,17.6052116394043,158.7736938476563,5.921391487121582
42,60,1,0.3522204458713531,0.01455201694836982,769.3380479139729,561.4701808323697,1047.614126155919,0.03414878994226456,0.9109660387039183,10.12742681503296,47.09220924377441,8.106303215026855
43,80,0,0.4424746036529541,0.01604452587961965,1245.598222652508,732.8011422542073,1332.317536155827,0.07293875515460968,1.01781415939331,39.22080230712891,98.8114242553711,3.24223780632019
44,100,1,0.4431685507297516,0.01704608758044103,1142.451107819852,662.2592079738217,1075.125026345502,0.06597014516592026,1.012148499488831,40.70758819580078,80.52162170410156,2.933605194091797
45,120,0,0.3995094299316406,0.01885113130900508,1462.455887170426,815.0313560449971,1248.564728513066,0.06960012018680573,0.902513325214386,28.20436782836914,102.4053649902344,3.649477481842041
46,140,1,0.337395578622818,0.02348002925165459,1935.704220853474,1006.689295617322,1386.58690005926,0.05487425625324249,1.078611612319946,34.95766410827637,56.52213439941406,2.659092903137207
47,60,0,0.3360719680786133,0.01794479354101065,1427.570658030359,836.9953653720245,1282.141080975093,0.0466017946600914,1.013723969459534,22.00841865539551,59.69860992431642,4.991701602935791
48,80,1,0.3270334005355835,0.04635643720995641,4297.704345703125,2144.482436325611,2544.334486487779,0.04580803588032722,0.9628225564956664,7.708585214614867,60.47201690673829,5.771110057830811
49,100,0,0.3283625543117523,0.01577982827255808,627.490719021402,522.8792886305929,836.5034133996103,0.1251794546842575,0.9499102234840392,83.20307235717773,192.7408309936524,2.723939657211304
50,120,1,0.3914570212364197,0.01567524957287863,893.5283858702934,594.8966529059933,985.5761931258122,0.1092610284686089,0.8894001841545105,69.53103256225586,167.7432708740234,3.278576850891113
51,140,0,0.376869946718216,0.01799533058575938,1221.686195379481,702.6666749761256,989.7645461174973,0.0881379172205925,0.790145993232727,34.10323791503907,176.4599884033203,4.824808597564697
52,60,1,0.3168297708034515,0.01672162210551444,997.0967419419252,652.7403408623073,1034.86875357822,0.06811808794736862,0.8372392058372498,21.77395858764648,112.3156692504883,6.016978740692139
53,80,0,0.2743443846702576,0.01919826980339936,1317.982403670107,818.7931305772687,1189.594714769626,0.07027138769626617,0.8669544458389282,29.80903377532959,103.2919502258301,4.299349784851073
54,100,1,0.4433322846889496,0.02336457270553838,2285.816794781261,1390.172780106453,1842.943698905291,0.07742249220609665,0.96300208568573,29.06488227844239,128.6684020996094,9.07865047454834
55,120,0,0.3534344732761383,0.02635439436925414,3608.054696704856,1673.285234109729,2452.586768875419,0.1037479564547539,0.8074547052383423,54.10139083862305,157.9053131103516,3.684844970703125
56,140,1,0.4720602035522461,0.01357126183806856,850.4213692131482,561.614690932628,1024.671492029371,0.102330394089222,0.9942432045936584,79.98891677856446,140.7220687866211,2.666077613830566
57,60,0,0.3199545443058014,0.01429270270078483,545.3195681039255,445.9801348550355,807.6688397829398,0.07645066827535629,0.881270706653595,31.05114974975586,110.9436706542969,4.903176784515381
58,80,1,0.3499190211296081,0.01792804660828262,1261.845703125,738.0493361868934,1065.994725445103,0.06719370931386948,0.9257211089134216,20.04351501464843,105.2652420043946,4.850568771362305
59,100,0,0.3561480939388275,0.01907113438238771,1390.399511130111,797.5650661294411,1147.613477750428,0.06333497911691666,0.8921284675598145,24.53969154357911,84.35855102539062,4.189397811889648
60,120,1,0.4520291984081268,0.02016413037444139,1955.514639872113,1194.338114591689,1713.422275858415,0.07909821718931198,0.9513499140739441,33.54675483703613,132.913720703125,5.504372596740723
61,140,0,0.3462153971195221,0.02909745244496553,2869.027713908878,1466.943322543016,1955.088006455215,0.08471545577049255,0.8185009360313416,36.21996688842773,153.9871826171875,4.492595195770264
62,60,1,0.4395138621330261,0.01360019194070918,953.8164178069528,604.8646256113864,1082.150424744204,0.05106798186898232,1.023446321487427,22.73131828308106,65.28556213378906,3.628597497940064
63,80,0,0.4865520596504211,0.0141088956141247,1228.844353601284,700.1164284510443,1178.708657426371,0.05693972110748291,0.9909223914146424,30.73481140136719,67.51122283935547,3.130680561065674
64,100,1,0.4119580388069153,0.01868017321871277,1635.242260443496,907.1123431689643,1389.704505193931,0.0595870167016983,0.8956690430641174,21.31335849761963,77.23624801635742,3.108112573623657
65,120,0,0.5171853899955751,0.01758750918546153,2189.318246043707,1163.589131904622,1808.254135507194,0.07101654261350633,1.113711357116699,45.68705139160156,91.12980651855469,3.241111278533936
66,140,1,0.3675580024719238,0.03130781742401138,5216.718745235506,2207.435793487731,3115.648377251631,0.08034622669219971,0.948035717010498,50.13679122924805,100.6247024536133,2.310497760772705
67,140,0,0.5077294707298279,0.0186770346159297,1544.059124860511,789.770330704783,1101.021293818246,0.06662067025899887,0.8712158203125,16.69088745117188,92.57100677490234,3.741368770599365
68,80,1,0.3696008026599884,0.01832918612735985,1465.12226515266,810.8750710255507,1194.494638802925,0.04913903027772903,0.9836987257003784,23.84634876251221,54.2652359008789,3.475663423538208
69,100,0,0.3724842965602875,0.03422591813079551,3014.662447391428,1735.942016232074,2095.713012214508,0.0580727681517601,1.025865435600281,17.74335098266602,75.5988998413086,5.428786754608153
70,120,1,0.4261810779571533,0.02052933025491712,1785.142507278903,942.2167192734372,1390.220663132614,0.05320033431053162,0.9428794384002686,25.0455738067627,61.42079620361328,3.112089872360228
71,140,0,0.4031281769275665,0.0240045034243694,2053.483235041728,1063.167946897525,1388.053650032214,0.04745006188750267,0.9422007203102112,11.94366550445556,61.04751205444336,4.014020919799806
72,60,1,0.3028424978256226,0.02573572418385344,2636.574247993449,1365.502097594991,1757.903119825344,0.03889768570661545,1.069312691688538,21.11024265289307,41.74103622436525,3.597450733184814
73,80,0,0.3790572285652161,0.03247552233586852,2359.620444984703,1508.319191939807,1866.987273033641,0.03149022907018661,0.9208961725234984,3.422386980056763,40.24648208618164,6.630661010742188
74,100,1,0.3866943418979645,0.03498183164565682,3081.592636327006,1760.583161161075,2209.257526243489,0.03401802107691765,1.086409449577332,9.342418479919434,43.94646911621093,5.937733173370361
75,120,0,0.4169713854789734,0.06087867309458218,4433.41436711245,2888.098371671817,3229.43528434584,0.03442893549799918,0.8567307591438293,2.367010831832886,45.90998458862305,9.434915542602539
76,140,1,0.3489999771118164,0.01952520802741067,1187.536760657302,776.2942681190497,1270.268060009297,0.1417485922574997,0.9520519971847534,80.62063980102539,209.255827331543,2.602991104125977
77,60,0,0.4093031883239746,0.01573142499480687,916.234591425518,611.2345144510026,1161.942913321567,0.07596953213214874,0.9570866227149964,43.6669620513916,120.1619979858398,4.442020416259767
78,80,1,0.3511266112327576,0.01762977673171848,1077.685010582832,687.4300901866849,1237.134886682466,0.0792766734957695,0.9218897819519044,22.92061710357666,119.3994689941406,4.709845066070557
79,100,0,0.4029333293437958,0.02014608134920635,1377.438759016712,814.5710059415959,1212.515296096859,0.08274238556623459,0.928739368915558,33.83306121826172,125.0038528442383,3.842917442321777
80,120,1,0.3719050884246826,0.01905784500904013,1311.78693018922,828.3002861096187,1376.089236981267,0.1034700348973274,0.8905836939811707,58.59543914794923,185.7572387695313,3.671357154846192
81,140,0,0.3589929044246674,0.02987452012619256,3555.695535782153,1703.624689004112,2418.658046217093,0.09547968953847884,0.8841555714607239,61.68412780761719,140.4579696655273,3.749056816101074
82,60,1,0.2897050082683563,0.04141679504107981,2898.904311900997,1732.391365312635,2231.376947633307,0.07493461668491364,0.8214430809020996,5.221761798858641,130.1929290771484,7.460709571838379
83,80,0,0.4452585875988007,0.01179729315792868,681.1330734674859,490.2243957927377,1124.588463048167,0.07816172391176224,0.9466362595558168,33.52212257385254,136.8931213378907,6.079929351806643
84,100,1,0.4091643095016479,0.01438924262734584,774.2429131957373,527.5804989543985,980.8317391576736,0.09818118065595627,0.934590220451355,60.40931625366211,132.5722900390625,3.209779262542725
85,120,0,0.3785761296749115,0.0213514069524727,1537.617276862759,899.8671626501758,1442.912986968088,0.07216183841228485,0.9654284715652466,26.61330757141113,100.1685356140136,3.882380485534668
86,140,1,0.3715713918209076,0.01972202465623519,1396.527585730089,887.1784561058746,1470.997402768867,0.09951146692037582,0.9528594613075256,68.75839080810547,142.3721069335937,2.482765913009644
87,60,0,0.3694905042648315,0.02841137765020351,1495.240405697591,1193.555309310975,1597.135438636659,0.06510373204946518,0.9528173804283142,25.26333770751953,95.97374572753908,7.797216892242433
88,80,1,0.3454228341579437,0.02597822934791615,2985.333309600248,1501.074196556234,2261.691338001878,0.0794467031955719,0.908158540725708,47.50527381896973,111.9044509887695,3.610925674438477
89,100,0,0.5172148942947388,0.01327285729832253,897.4935158970433,573.1062142527572,1179.430510031176,0.08536367863416673,0.9376627206802368,45.21499786376953,124.0905822753906,3.704602956771851
90,120,1,0.4220159649848938,0.01871675167269935,1444.505997450019,842.137224536288,1455.352757374035,0.08485905826091766,1.00138258934021,16.17708339691162,115.6921630859375,3.955442905426025
91,140,0,0.4655673205852509,0.01604570025075019,1112.542927323968,697.1270160683058,1343.148657036499,0.09939780831336976,1.000994205474854,51.34211730957031,127.9491432189941,3.140289306640625
92,60,1,0.4027518630027771,0.02071106601841681,1667.673932582651,1132.783543186054,1750.8709959245,0.04682105034589768,1.115157723426819,13.91654014587403,72.83935241699218,9.62650203704834
93,80,0,0.3940096795558929,0.08295137702074867,4874.299470925633,2717.500038488319,2676.448841574791,0.05251699686050415,0.9466906785964966,5.257167339324951,86.51490020751953,7.134939670562744
94,100,1,0.3738743364810944,0.02156153789429051,1671.463687313357,913.5084543719507,1465.49557530936,0.07289215177297592,1.023708701133728,36.25426063537598,85.1145866394043,2.958950996398926
95,100,0,0.3631585538387299,0.02178734664194851,1578.624720006556,924.1736339080658,1514.960326526169,0.07969123125076294,1.091571092605591,53.52570343017578,92.49884414672852,2.179878950119019
96,140,1,0.5177539587020874,0.02633006904566585,2612.708396230177,1489.947243261021,2090.986573952136,0.08997563272714615,0.9801556468009948,27.53329544067383,133.2479309082031,6.032339096069336
97,60,0,0.3514931797981262,0.03633427497684714,3795.427441088611,1960.999794084089,2722.968406971468,0.04742031171917915,0.9926940202713012,1.498829591274261,69.02800903320312,6.937198638916018
98,80,1,0.299869030714035,0.02287922907953183,1605.02369281708,970.3113339483788,1511.317268354297,0.05695866420865059,0.9942329525947572,35.50887527465822,69.68668670654297,3.207168579101562
99,100,0,0.3664495944976807,0.02798837829009576,2961.681673933692,1487.038118992248,2085.524744218315,0.068657286465168,1.021301507949829,31.51626605987549,84.63955688476562,3.360281229019165
100,120,1,0.3611306846141815,0.0513295867695309,5123.516184371675,2429.073836334484,2953.136669019828,0.06393223255872726,0.909086048603058,22.86703987121582,85.34936065673828,3.574331760406494
101,140,0,0.4015166163444519,0.03571446179939258,3877.287781368315,1967.013967486881,2590.967753584425,0.07388398796319963,0.9586914777755736,23.01496543884277,101.7759841918945,3.692983388900757
102,60,1,0.2835917174816132,0.0288073404189914,2765.426697655385,1440.664748386296,2137.998952765266,0.05507562682032585,0.9642869830131532,29.36881008148193,66.19803009033203,3.106602668762207
103,80,0,0.3818499743938446,0.01140154545788961,436.1542848062565,351.0172937455698,761.9118837631578,0.09921985864639282,0.9622222185134888,68.42017440795898,140.094563293457,3.088080644607544
104,100,1,0.3726372718811035,0.01325682616370055,602.0019104803494,431.8102515904894,738.7633099186796,0.1144693195819855,0.9559836983680724,93.49278259277344,151.6156127929688,2.439241647720337
105,120,0,0.3729694485664368,0.01445287903541464,816.3182782828239,556.3608540969949,878.9697097621288,0.1070047691464424,0.8342086672782898,58.41215896606445,158.5729888916016,3.717616081237793
106,140,1,0.3495188355445862,0.01774437954595548,850.3679068367641,643.8800913920934,951.8647330486752,0.1451837867498398,0.8477089405059814,119.4530395507813,233.7357513427735,3.583546876907349
107,60,0,0.3226651847362518,0.01657796965950652,1060.687725360577,724.8710265601883,1137.267034853203,0.0838477835059166,0.9026594161987304,53.58579063415527,117.4093788146973,3.989659547805786
108,80,1,0.3373259305953979,0.01486227565961785,1314.385265440453,783.9034315121395,1363.624298001497,0.09114997088909148,0.8633888959884644,57.80112228393555,125.4357635498047,3.34907054901123
109,100,0,0.3702432811260224,0.0129322585860931,594.3826798388168,430.5432450672946,783.4424530377669,0.1218090131878853,0.8986522555351257,73.8542053222656,184.0266021728516,3.18552303314209
110,120,1,0.4447397887706757,0.01197645013434487,731.7559072832373,506.2515444874451,957.7069541325284,0.1162370517849922,0.937322735786438,52.12884902954102,175.4871063232422,4.229689121246338
111,140,0,0.3583614528179169,0.01719056912297754,1010.040828000972,701.8801432200122,1142.327926508131,0.1183231621980667,0.8137500286102295,12.1053524017334,194.7885284423828,4.548418521881104
112,60,1,0.2897225916385651,0.02344133718074656,1298.421833221925,1024.186658425092,1415.533144402376,0.07266879826784134,0.9642385244369508,9.655357360839844,114.5603141784668,9.051520347595217
113,80,0,0.3134513795375824,0.01632462686567164,1377.267972372058,774.6670334152817,1353.379114189751,0.107730083167553,0.880970299243927,69.29629516601561,155.3571472167969,2.769819974899292
114,100,1,0.3973230123519897,0.0142710113960114,736.5022860642662,511.5853403086011,828.7979775172691,0.09587237238883972,0.8731225728988647,38.96619338989258,148.7607635498047,4.305082321166991
115,120,0,0.3968462646007538,0.01285593072737201,750.7365258204361,497.1134086412967,824.205475231399,0.1283697187900543,0.8792986869812012,91.57225952148436,179.048681640625,2.857502460479736
116,140,1,0.5435239672660828,0.02814811900654326,2437.39635178688,1460.535280943207,1887.095949795041,0.08284072577953339,0.9426135420799256,36.38175506591797,176.8679351806641,6.655066967010497
117,60,0,0.310358464717865,0.01406849482582046,1000.538255743305,642.8255708557667,1149.514123387032,0.08551479876041412,0.952681601047516,59.76029090881347,111.8109466552734,3.325125217437744
118,80,1,0.3164111375808716,0.01750217318427044,1126.581088429275,746.8718601552167,1104.876543701159,0.07783616334199905,0.8380536437034607,10.30991325378418,131.9261566162109,6.514886856079102
119,100,0,0.370853066444397,0.01926021736691985,2208.082165697907,1182.056727456287,1693.066669718173,0.105380654335022,0.8981334567070007,34.32456130981446,171.3434326171875,4.390339374542236
120,120,1,0.3482739627361298,0.01887838691354257,2658.93440779491,1262.996237149444,1986.313632591965,0.1215256303548813,0.896274745464325,91.2177230834961,163.6415771484375,1.774528384208679
121,140,0,0.362135648727417,0.01780293592143326,1544.06841292169,920.0816665310707,1403.005038292978,0.124085322022438,0.8611974120140076,79.60893707275393,177.5072723388672,3.522161960601806
122,60,1,0.2680172026157379,0.02409196333451705,3170.540142668833,1555.397412882927,2174.577478983967,0.07539695501327515,0.8520804643630981,47.44009399414063,113.8230285644531,3.903972864151001
123,80,0,0.4717676341533661,0.009620981096191366,411.9520619877048,320.8734411463255,822.1132590255256,0.08515924215316772,0.898824155330658,34.95257301330567,132.7664718627929,5.825170993804933
124,100,1,0.436828076839447,0.01151809704441283,599.2376006810011,469.8425202808975,926.9516515019592,0.0907396525144577,0.8815374374389648,45.34360580444336,141.8294586181641,4.960434436798097
125,120,0,0.42121422290802,0.01207264957264957,588.8179406380374,470.3203113394553,988.4480312046496,0.105530746281147,0.8252228498458862,46.1429084777832,174.601254272461,4.678603172302246
126,140,1,0.4143367409706116,0.01731669096878324,1436.34931537467,896.9401143779328,1434.926881169891,0.1305165588855743,0.8956588506698608,88.92513122558594,190.6967529296875,3.576133251190185
127,60,0,0.3159035742282867,0.0135056594452436,641.8286192407445,472.2630983550965,928.1809540985382,0.08763100951910019,0.9184665679931641,50.15889358520508,114.1358963012695,3.382443428039551
128,80,1,0.3875240981578827,0.01377260330269745,655.752320868201,478.8000127130518,831.1324670785091,0.08138833940029144,0.8609696626663208,23.44775543212891,129.0045104980469,5.2078537940979
129,100,0,0.4663463234901428,0.01519289419987844,1006.501500455835,693.7112191301918,1162.877249656877,0.05497655272483826,0.8846099972724915,20.87557334899902,95.89692459106443,5.781076431274414
130,120,1,0.4132312536239624,0.01387700934071902,982.0263120384449,565.411245173208,988.6119145716884,0.0759521946310997,0.8446136116981506,21.4449462890625,151.7880630493164,7.413838863372803
131,140,0,0.3600392937660217,0.02315965375908277,2517.526123439097,1339.464818704349,2241.219167282044,0.1319520026445389,0.8608103394508362,99.60602722167972,191.5016784667969,2.587974786758423
132,60,1,0.3050452470779419,0.01311896424279166,679.3997659507147,525.4962155463421,934.3206036201108,0.07564269751310349,0.924236297607422,48.88669586181641,98.2652587890625,2.973974466323853
133,80,0,0.3623237311840057,0.03112785816362987,1772.800278175732,1427.646293009013,1699.451899140679,0.07748247683048247,0.9922635555267334,16.28637886047363,120.7634124755859,10.04540920257568
134,100,1,0.3301985263824463,0.03716914909256142,2907.309310355196,1613.643770226764,2168.533865475906,0.1002914011478424,0.9223402738571168,62.34439849853518,132.3713607788086,4.110908031463623
135,120,0,0.3532601296901703,0.02601007621707321,2749.176665996989,1509.489551354131,2065.670783679567,0.09641183167696,0.9153674840927124,20.7709171295166,137.3631042480469,3.855583906173706
136,140,1,0.3478932082653046,0.03778746379730327,3398.509663444021,1884.606467473695,2425.671168575041,0.07813522964715958,0.7711866497993469,8.81952133178711,149.3918518066406,7.491590023040771
137,60,0,0.3063513934612274,0.01949335224744103,1310.77081687767,777.8028796032393,1240.476825376461,0.05744508653879165,0.9459487199783324,18.48577308654785,103.9748947143555,5.756532192230225
138,80,1,0.3141376078128815,0.01843885208524084,1257.223007156129,763.5687330170862,1232.432514900605,0.08782041817903519,0.9039198756217957,35.74155807495117,149.7133941650391,4.407427787780762
139,100,0,0.4025175869464874,0.01646961972954313,1121.65616388469,698.4146950274134,1166.006459292085,0.1125273257493973,0.8965079784393309,31.38257026672364,188.8096618652344,4.209018230438232
140,120,1,0.3823404610157013,0.01863772596181033,1501.830524587228,854.6787857989125,1298.607169874975,0.0917123481631279,0.970557689666748,45.85685920715332,130.4565963745117,3.701637506484987
141,140,0,0.375679075717926,0.02227151850645826,1821.76507665521,1012.755628290914,1501.441312985216,0.09215990453958513,0.8425703644752502,32.09346160888672,177.9772720336914,4.925906658172607
142,60,1,0.2949771881103516,0.02059643413900616,1467.955601271935,981.1287216991244,1353.500070894781,0.05640741810202599,0.9433671832084656,16.19007949829102,91.52246704101564,10.8749828338623
143,80,0,0.3635426163673401,0.03169305608263561,3402.307377887535,1671.422041657498,2279.308805778704,0.05908673256635667,1.022554278373718,30.41881103515625,80.56006546020508,3.766358137130737
144,100,1,0.4157671332359314,0.0135381169616357,877.5532410234489,547.6176055910198,1056.989668791026,0.08986607193946837,0.9138593077659608,35.63173637390137,143.9027496337891,4.692051887512207
145,120,0,0.3935708403587341,0.01819334911699055,1154.23848894742,731.5250743186873,1210.697600329775,0.09914938360452652,0.9223372340202332,64.61162490844727,194.587614440918,4.023760318756104
146,140,1,0.3853459358215332,0.02093322631754503,1717.440528994033,923.6530417861028,1326.245400976348,0.08283855020999907,0.8427200317382812,26.71890144348144,144.5713943481445,4.4481201171875
147,60,0,0.3495566248893738,0.01645870328090647,1080.420576953565,681.2661424480898,1152.906987987503,0.08443789184093475,0.9407075643539428,50.67908897399904,117.3473510742188,3.264191865921022
148,80,1,0.3035346269607544,0.02168850663735239,2017.404341116339,1127.639194829888,1628.073746538462,0.08260098844766617,0.9702453017234802,23.670463180542,122.4545974731445,4.383604526519775
149,100,0,0.3495486378669739,0.03832462922770845,3482.081166125085,1780.683954257479,2291.737032168843,0.06772740185260773,0.9008986353874208,9.624151611328122,107.8766983032227,5.080869674682617
150,120,1,0.4546972215175629,0.01333141974427311,1031.620783926872,629.8706728876039,1244.68445386819,0.0842059925198555,0.9972854852676392,40.14642333984375,111.7367477416992,4.128340244293213
151,140,0,0.4947863221168518,0.01633657565617732,1385.155582645216,757.7363097715794,1204.086977167097,0.08627627044916153,0.9305665493011476,38.63420486450195,115.6244201660156,3.603280305862426
152,60,1,0.3565489649772644,0.01688101522660346,1157.685576052919,702.1691833106353,1235.309571204888,0.06305952370166779,0.9854373335838318,35.89911651611328,87.42127990722656,4.042640686035156
153,80,0,0.4636744558811188,0.01383447516683076,1381.47935544596,789.9117460560033,1474.940554742426,0.06202779337763786,1.015208959579468,26.04222984313965,81.80087432861328,4.264820575714111
154,100,1,0.3852466344833374,0.02122153955617092,2144.622236603022,1111.761176411903,1871.583868572762,0.0762638971209526,1.095831751823425,44.72766876220703,92.94600067138671,2.861947059631348
155,120,0,0.4075280129909515,0.02177900438837082,1743.853488961177,933.9206562352583,1458.424862470629,0.08446700125932692,1.01819908618927,60.39385604858398,105.2908386230469,2.464309215545654
156,140,1,0.4319957196712494,0.01873810185983109,1440.30624010952,815.1336858635593,1312.771839776753,0.09084273874759674,0.9720569849014282,47.03180465698242,126.0084945678711,3.07672905921936
157,60,0,0.342280775308609,0.02061657227615965,1774.677480711458,999.3371037475343,1501.031960957461,0.03737378865480423,1.042220711708069,15.29116287231446,51.80514945983887,5.384306907653809
158,80,1,0.3515798151493073,0.02271825396825397,1845.159518743503,1036.992068041866,1577.822598064723,0.04858375713229179,0.9680284261703492,16.73411064147949,69.1894775390625,4.847896099090576
159,100,0,0.3669870495796204,0.02451117418540977,2034.416039143133,1084.5815679208,1560.973532275638,0.05040092766284943,0.8709256649017334,10.3655195236206,79.70401000976562,5.885280132293701
160,120,1,0.374346137046814,0.02927142499164718,2760.890445773423,1479.289918260541,1899.195259563369,0.05636543780565263,1.109168887138367,16.84260597229004,74.3636703491211,5.059170722961426
161,140,0,0.372346967458725,0.02906511947528848,3174.081648562228,1498.470416437409,2101.818904849913,0.0621308833360672,0.9022133946418762,19.03588981628418,88.15263671875,4.075047969818115
162,60,1,0.3114402592182159,0.02539731436568786,2205.422278392299,1313.497570675916,1884.624588218706,0.0434156209230423,0.966858983039856,5.329596328735353,64.65543670654296,7.995985984802246
163,80,0,0.3152560591697693,0.02566341888466413,2311.645268539836,1249.83427276003,1820.406081333873,0.05537233129143715,1.004732847213745,27.21088676452637,70.08522338867188,3.711351633071899
164,100,1,0.4273550808429718,0.01286580342431406,672.324599301576,495.1994309420938,927.3759512136321,0.1006454825401306,0.966550886631012,78.21249389648438,130.4221496582031,2.771625280380249
165,120,0,0.4134293496608734,0.0164272030651341,985.4428775790384,628.5796231929166,984.300274953011,0.113708607852459,0.9435782432556152,80.4107162475586,185.6012115478516,3.37800931930542
166,140,1,0.3660659492015839,0.01605776800789179,1011.436443415687,650.9874160030862,983.6519434400766,0.130338191986084,0.8654451966285706,80.49590301513672,193.4272689819336,2.955755949020386
167,60,0,0.3156989514827728,0.01490709013072126,702.2822640908344,584.457138691018,1019.964753474779,0.07895898818969728,0.8500264883041382,47.43098449707031,123.5084808349609,5.920341491699219
168,80,1,0.3216533958911896,0.01552179697602706,1204.577799893579,742.1622733246742,1186.09873981927,0.09330052137374878,0.859548032283783,24.03054046630859,159.0223342895507,4.876407623291017
169,100,0,0.3285123407840729,0.01579012498927262,1285.992204165543,784.447242955581,1320.412261900168,0.1137803792953491,0.9244655966758728,83.65137100219727,178.5256195068359,2.873353719711304
170,120,1,0.3981001675128937,0.01344824833500593,811.0624488437096,515.5302221135086,915.3231158220917,0.1227566972374916,0.9257335662841796,48.61586074829101,188.3227233886719,3.534612655639648
171,140,0,0.4325383901596069,0.0162608311165086,1282.336280840401,724.2031278775543,1126.986440713115,0.09942945092916487,0.8360627293586731,25.68720664978028,171.8700622558594,3.999672412872314
172,60,1,0.3941367566585541,0.01799257127436193,1148.745699382319,821.1388210533792,1368.700183521727,0.06759408861398697,0.8817135095596313,8.694125270843509,136.5017349243164,8.686372756958008
173,80,0,0.4308252930641174,0.02599260776257995,2028.186079189629,1314.0648650485,1781.994933337993,0.09343551099300383,0.9465231895446776,27.85607719421387,150.0000991821289,6.885406970977782
174,100,1,0.2997927963733673,0.01714797984604323,1236.288548693643,769.4627628931755,1201.555183624909,0.09576534479856492,0.8497840762138367,31.92679424285889,173.3874374389648,3.999820709228516
175,120,0,0.3882728815078736,0.01490789196564291,1201.698476242034,682.1827459499003,1020.614874967368,0.106386810541153,0.9503092765808104,65.49444885253907,159.0913940429687,3.023999452590942
176,140,1,0.4897689521312714,0.01438866865322194,1040.453763849356,599.5940711539209,956.76201583461,0.09234950691461563,0.8392844796180725,36.67430305480957,180.8452728271484,4.551271438598633
177,60,0,0.4151639342308045,0.01718768191873326,1492.269026748293,882.3154780105272,1386.663026420049,0.04681657999753952,1.010433912277222,12.56586418151855,65.54811630249023,6.791185855865479
178,80,1,0.3226714730262756,0.025527464447919,2608.505807027993,1360.124173085243,1894.335547793912,0.06949200481176376,0.8871552348136902,9.806103706359863,116.7739906311035,6.069720268249513
179,100,0,0.3886910080909729,0.01942238189791866,1496.576072109616,849.3989649794797,1203.935605604027,0.06898623704910277,0.8646031618118286,17.04956436157227,119.869255065918,5.20448637008667
180,120,1,0.3915503919124603,0.02134110269758637,2138.859166726917,1104.927197029935,1514.171549981069,0.0806250125169754,0.9134497046470642,18.82055130004883,124.0830833435059,4.265097618103026
181,140,0,0.3491895198822021,0.02359568123887847,2894.266289483281,1447.239413672424,2066.782214440044,0.1266764253377914,0.93062561750412,97.08644485473631,178.9876434326172,2.560498714447021
182,60,1,0.3106083571910858,0.01515470799084936,1072.302655202681,685.5313309513925,1089.754327214104,0.09613969177007677,0.9147560000419616,66.26468200683594,127.5201919555664,2.683192014694214
183,80,0,0.3228929340839386,0.03160511862146417,3287.180684350435,1790.37997283305,2420.757377176268,0.07904701679944992,0.7778401970863342,22.76736793518067,155.6155853271484,7.468365669250487
184,100,1,0.4244139194488525,0.01551965276648049,973.188071308831,609.0289821625016,1010.788774965116,0.09828948974609376,0.917143166065216,32.77645282745362,148.6634689331055,3.841696500778198
185,120,0,0.4466401338577271,0.0148739913460414,1040.602113719789,654.7644056692261,1093.295143317606,0.09634192287921907,0.99490886926651,73.53604888916016,149.485107421875,3.806886434555054
186,140,1,0.3977086544036865,0.01591696357878068,1073.956761853448,694.6100793154242,1212.639611074439,0.1123455911874771,0.9548226594924928,87.16298522949221,158.8828308105469,2.809132099151612
187,60,0,0.4570690393447876,0.02354890958839221,1333.997823671844,1105.586849820531,1513.390267258261,0.06310750544071198,0.9717958569526672,9.109383583068848,93.8900909423828,9.88139820098877
188,80,1,0.3863846361637116,0.01975574712643679,2256.302390203406,1179.703503017013,2005.134596498976,0.08879191428422928,0.9241310358047484,54.36836776733399,123.0867721557617,3.654550790786743
189,100,0,0.418520987033844,0.01583939683828077,1014.210982186566,609.1615843547332,967.2618594316356,0.07260552048683168,0.8974987268447876,29.06422080993653,102.8330612182617,4.199508666992188
190,120,1,0.4244577586650848,0.01793486537524366,1182.27818841661,744.2147258217074,1146.809078464716,0.08407315611839294,0.8002247214317322,10.43784122467041,175.0246856689453,6.141293525695801
191,140,0,0.3985486924648285,0.01979144960755713,2118.753120152459,1120.577587641405,1727.771124543239,0.1256716996431351,0.9375360012054444,75.48955078125,176.694515991211,2.797837972640991
192,60,1,0.366045206785202,0.02838706190814889,3042.776379281491,1502.561606910417,2145.494383510977,0.06050663068890572,0.9369813203811646,24.89758701324463,100.0459487915039,4.744080543518066
193,80,0,0.3441730141639709,0.0233424328070787,2238.786825354831,1190.874252247314,1657.633750641285,0.06391943991184235,0.9625961780548096,21.07374267578124,100.2436050415039,5.426950931549072
194,100,1,0.3264200985431671,0.02457867055813553,1722.893244840929,1048.878482624324,1428.215172254023,0.04858668893575668,0.8456341624259949,8.5754638671875,121.3273361206055,9.416479110717773
195,120,0,0.3860607743263245,0.02895725224962587,2489.967437288654,1438.762955518404,1953.949569466353,0.07060489058494568,0.8901177644729614,33.75846862792969,113.2102333068848,5.3594069480896
196,140,1,0.4378171563148499,0.02819878749202297,2907.027206377623,1651.383086626841,2243.420425915613,0.0924530178308487,0.8665857315063477,32.78899002075195,167.1037750244141,6.377988338470459
197,60,0,0.3242965638637543,0.04521965345136077,4078.486361638905,2107.104870079659,2561.415404650771,0.04692277312278748,0.8938443660736084,5.415956830978393,81.64757690429687,7.046741008758545
198,80,1,0.4428311884403229,0.01174253548702888,540.3468135155638,418.3224345189789,968.2648254101654,0.08101490139961243,0.9692496061325072,23.53937644958496,132.7517318725586,5.833827495574951
199,100,0,0.4076143801212311,0.01371605997759184,706.9863046606838,492.2749162119874,820.4871341503116,0.09871353209018707,0.856776773929596,47.38483505249025,149.6012054443359,3.329022169113159
200,120,1,0.3755912780761719,0.0158457669266418,984.4100449960443,656.554423684864,1074.863168263781,0.1429915875196457,0.9215072989463806,110.5063804626465,207.8305892944336,2.180176019668579
201,140,0,0.3883137404918671,0.02011091363875724,1252.176623709983,838.2088302960643,1321.459166485646,0.1198064014315605,0.7831795811653137,11.7716420173645,223.1676742553711,6.069331645965576
202,60,1,0.336010217666626,0.0290101162271666,1744.136226311453,1281.483737758266,1746.197490151002,0.06171867623925209,0.9244238138198853,16.72257766723633,108.5388702392578,8.89340591430664
203,80,0,0.3268757462501526,0.02727440647446813,2508.45465062089,1372.148859003864,1930.149910313114,0.094340018928051,0.8710020780563354,7.726557540893555,156.8624343872071,5.370712280273438
204,100,1,0.4616230130195618,0.01215061271325886,686.9977949199806,479.3028238317237,990.4858913189933,0.1101184859871864,0.9910025000572203,62.51305847167968,158.1204406738281,3.836787223815918
205,120,0,0.4035574197769165,0.01494325346784363,991.8113231338265,623.1485044649455,1033.77416865241,0.118800163269043,0.841029703617096,23.13847923278809,218.1839904785156,4.561838150024414
206,140,1,0.4163380861282349,0.01720789653951541,1315.646627233792,806.2460048283635,1456.776489737604,0.1140856146812439,0.8854461312294006,62.89751739501954,209.2085464477539,3.672061443328857
207,60,0,0.4635539352893829,0.02272066415385381,1740.103094446587,1196.303176677413,1748.730885619293,0.0672699362039566,1.008263349533081,19.75398254394531,104.266284942627,8.43445873260498
208,80,1,0.3925392925739288,0.0570542472666106,4731.394243347287,2463.164326473386,3018.871509963743,0.07834253460168839,0.8506888747215271,5.523174095153808,138.8043212890625,6.407013893127441
209,100,0,0.3922003209590912,0.02051437338501292,1413.972873488163,851.0113461936669,1366.047818812543,0.09407993406057358,0.9484823942184448,62.11371383666992,135.3592346191406,2.905884265899658
210,120,1,0.3517891764640808,0.01889106159964184,1217.694244802639,784.1005793332887,1292.05438373916,0.1295786499977112,0.8669021129608154,64.40911026000977,193.6736785888672,2.786438465118408
211,140,0,0.528910219669342,0.03158379187570804,2908.509445629405,1639.999118174183,2220.430686739866,0.09477300941944122,0.9905838966369628,39.38109512329103,132.9116607666016,5.823593616485598
212,60,1,0.3613098561763763,0.02534634704659376,2317.57261313397,1440.829120615315,2182.943820835763,0.07353851199150085,0.9024506211280824,2.969137191772461,118.8672256469727,8.804584503173828
213,80,0,0.3205077052116394,0.01909900981603514,1272.204813252082,800.1534087588376,1242.103218946915,0.0978224352002144,0.8801707625389099,40.02047653198242,140.4143432617188,3.808032035827637
214,100,1,0.330173134803772,0.01726693057150147,1205.919799804688,740.4436024028485,1114.302420884626,0.1252990365028381,0.9707911014556884,107.2447357177734,167.8490295410156,1.989388227462769
215,120,0,0.4003298878669739,0.02288189236979022,3037.390331973397,1462.923835852199,2298.357687627248,0.09263314306735992,0.8245378136634827,49.26941604614258,151.8266006469726,5.096914291381836
216,140,1,0.4061630964279175,0.01700125529535729,1935.080391270106,1034.912486968622,1679.738228573819,0.1512891501188278,0.9561203718185424,124.8851898193359,225.804702758789,1.713079214096069
217,60,0,0.3306000828742981,0.02568655303030303,1592.333559782609,1262.697821290636,1842.575224496649,0.0658871978521347,0.9351933002471924,2.528590798377991,125.6404304504394,11.01977443695068
218,80,1,0.3794010877609253,0.01328476186536499,523.0245452618299,398.287712327621,744.3843466823946,0.0988738164305687,0.911601185798645,25.98464660644532,160.6428619384766,4.370953559875488
219,100,0,0.4485872983932495,0.01139942086321588,552.1290523994492,429.7524758787054,889.1814544936383,0.1224258691072464,0.9488526582717896,74.61638641357422,181.2394256591797,3.527245759963989
220,120,1,0.3862753510475159,0.01618407445708376,856.7602359547334,647.1614278215776,1144.211019457016,0.1185185685753822,0.9147849082946776,17.69384918212891,165.2188049316406,3.762862682342529
221,140,0,0.4237611591815949,0.02650407233766965,1857.083575274493,1249.231460694094,1773.689651706191,0.1421491950750351,0.8979068994522095,106.264778137207,213.2849884033203,3.705848932266235
222,60,1,0.3392966985702515,0.01293019647986796,515.0145151628158,489.5548003384562,950.0103278755804,0.08316116034984589,0.8824315667152405,24.87550544738769,137.8373870849609,5.805643558502197
223,80,0,0.3956194221973419,0.01340583333333333,823.9298016544902,535.1426608289913,873.2823500814708,0.09675532579421996,0.8549008965492249,40.83687210083008,153.2103271484375,4.181434631347656
224,100,1,0.3769579529762268,0.01424400252525252,647.9855378219934,499.8147218386354,863.7521065057706,0.1282646656036377,0.9730403423309326,93.67961959838871,209.6941009521485,2.607012510299683
225,120,0,0.3737270534038544,0.01868587489631793,1473.724595007573,840.5499510723033,1236.846208816475,0.1314708739519119,0.9607657194137572,118.5008529663086,195.6553268432617,3.002952814102173
226,140,1,0.3282299041748047,0.02477201880085534,4029.224858396268,1761.866640006707,2829.576949826414,0.1431908011436462,0.8916124105453491,111.0497619628906,200.5985549926758,2.10510802268982
227,60,0,0.3306312561035156,0.01659216053587647,1065.317284659573,706.6192918797319,1085.716752575888,0.06755263358354567,0.8657848238945007,11.66013679504394,103.1636016845703,5.715965747833253
228,80,1,0.4625134170055389,0.02073342412191291,1834.625452187208,1167.052648656709,1614.17473382738,0.06700558960437775,0.9054335951805116,16.02187967300415,125.8251800537109,11.91994571685791
229,100,0,0.3829420506954193,0.03161592128340038,4805.369369171893,2343.00759268618,3367.259992137437,0.0987776592373848,0.8861955404281616,2.458286845684052,145.9600738525391,7.286084175109862
230,120,1,0.4131817817687988,0.02738429258192934,2078.039818037834,1420.386621863834,1931.815606388469,0.119448684155941,0.957400679588318,24.51658821105957,214.5743408203125,7.151902198791504
231,140,0,0.3459778130054474,0.01761659153952843,1691.306751860669,960.6776164326004,1561.606657806391,0.1256855130195617,0.8989956974983215,91.03327941894531,191.8048400878906,2.2734215259552
232,60,1,0.5338069200515747,0.01239909781576449,1335.423932977495,786.9673647257214,1496.004956370722,0.05641534924507141,1.010015845298767,28.56104850769043,72.54475402832031,4.700953006744385
233,80,0,0.3626059889793396,0.03201812287862212,2953.597832432262,1553.712853962958,2228.320438697745,0.04928123950958252,0.9200465083122252,9.373659706115722,82.56718139648434,6.357796192169189
234,100,1,0.3465659022331238,0.03244945530837619,1918.74197228562,1467.116802932459,1784.649806312625,0.09748045355081557,0.920876145362854,26.14838581085205,155.5060302734375,6.135408878326416
235,120,0,0.4057451188564301,0.01863857935213706,2629.898060967447,1283.472601935949,2282.49076194609,0.1245129182934761,0.9235617518424988,102.5083808898926,161.0400650024414,2.075034379959106
