number,filename,tempo,scale,chromagram,zero_crossing_rate,spectral_rolloff,spectral_centroid,spectral_bandwidth,rmse,danceability,percentile_10,percentile_90,dynamic_comp
0,supercollider/SC_200310_191435.aiff,150.732421875,0.0,0.6627607139453576,0.033603606075917614,4710.501818940747,2236.9889689896727,2641.500201558966,0.3487184142085689,2.604319290750343,532.197936390169,470.20764988935093,0.8355673037139774
1,supercollider/SC_200310_205530.aiff,107.666015625,0.0,0.4462029735730405,0.03169679779371698,3206.1147159233165,1701.4511393567063,1908.8177712170493,0.17650071641974358,1.8906633356087426,160.95625170674782,296.0063920642971,2.5499358610858427
2,supercollider/SC_200310_211113.aiff,172.265625,0.0,0.5801201834489262,0.04357167249990068,5772.821192150637,2547.596825342796,2774.5458604027335,0.2874095259535871,1.2931520236810377,318.9473646424571,553.0840767441997,1.2385835404802816
3,supercollider/SC_200310_212050.aiff,107.666015625,0.0,0.5472838818195109,0.024929887104635298,3120.164296729499,1589.2135508361166,1902.4630984607693,0.18309452402158127,1.88406628183778,133.89167806854655,297.54717459655205,3.046861605955535
4,supercollider/SC_200310_212402.aiff,172.265625,0.0,0.49805096849766634,0.03917107380193397,4904.001921321576,2261.3776426873437,2501.0210771562993,0.26950647903298497,1.7271914313588415,314.64727610571566,487.63380083046036,0.8480632963949928
5,supercollider/SC_200312_215020.aiff,86.1328125,0.0,0.38830297539999636,0.01727090126676609,2490.169034231678,1261.856199860059,1524.4551186859208,0.20287448764909247,1.8277755586975672,139.66484390048288,623.7852160288771,2.6344655394079757
6,supercollider/SC_200326_165530.aiff,129.19921875,0.0,0.31365405256197676,0.08157904618050568,9369.638714607227,3909.56777603526,3999.6774919930185,0.12995241547547356,1.227301481801544,140.48049888144578,176.07972145683837,1.8631647979599504
7,supercollider/SC_200329_154129.aiff,86.1328125,0.0,0.23476200002121378,0.030981738704469942,2806.3357773350467,1369.778004004606,1362.4207232612741,0.063026824410377,1.3578841138607394,80.68985216032237,84.90515884434038,2.96906141398316
8,supercollider/SC_200329_154506.aiff,107.666015625,1.0,0.205251080917997,0.053315118382782384,3362.9727508443752,1822.6484512084864,1948.5592577338382,0.0743946595263581,1.5985995980438328,87.50782019679707,81.61578502478906,2.419963888667583
9,supercollider/SC_200329_154919.aiff,129.19921875,0.0,0.3409067946083302,0.018177857819088154,988.4916773908062,705.9205127732823,722.1724186315367,0.2728747845514934,1.6074994397173457,328.2237353601387,416.29785262985206,0.8480496478592979
10,supercollider/SC_200329_155302.aiff,150.732421875,1.0,0.3850659161728166,0.01547293935356167,668.896317197368,555.9429936491895,636.7309052649515,0.28164026281658033,1.1433087024410604,326.95647218649606,445.64327677549807,1.822194926810639
11,supercollider/SC_200329_160447.aiff,172.265625,0.0,0.34423434394443453,0.047845582889510095,3490.886596880621,1751.9395066887619,1821.9734428653187,0.09407445167299272,1.365198652133048,94.36072416631606,120.08616823637588,2.6254099887248166
12,supercollider/SC_200329_160753.aiff,86.1328125,1.0,0.31345852376333116,0.019186106116175078,1430.6474467787798,931.5429866069123,1120.6506927672629,0.1466820219374098,0.9502089221007608,95.7441039892468,295.0904661662961,5.331799868299592
13,supercollider/SC_200329_161137.aiff,107.666015625,0.0,0.35473387929671285,0.03245791960763242,2556.3118281037346,1329.6340830033466,1314.1739615534966,0.0997041564124656,1.4084489982382498,97.42853832108779,124.63683094241117,2.945879628855381
14,supercollider/SC_200329_162551.aiff,129.19921875,1.0,0.5421286283278357,0.014945071227402323,1603.633936217789,953.4244127136577,1378.184806538384,0.07262490528746786,1.4773200389288639,83.2676805857853,99.14331367956632,1.863608122619386
15,supercollider/SC_200329_163029.aiff,150.732421875,0.0,0.5115594805391794,0.023600064774076154,2341.0845466155224,1169.535585983381,1264.5733642933073,0.15061239411065566,1.8142776126574351,118.99088280341921,200.75045807355593,1.5633213810235542
16,supercollider/SC_200329_163318.aiff,172.265625,1.0,0.37544579609803463,0.036311343732701985,3529.6464006053907,1559.9131578968418,1484.1913366173771,0.10229168191680571,1.3693507342631075,115.07831245832764,101.64165477626467,0.9682432027038701
17,supercollider/SC_200329_163616.aiff,86.1328125,0.0,0.2996786445764685,0.043537722069598064,3364.8897316834627,1751.1115969075595,1755.4716162604432,0.016131260880482834,1.2416486813489458,40.164425070925034,7.832507804322248,3.651734883392535
18,supercollider/SC_200329_163950.aiff,107.666015625,1.0,0.3702843001302021,0.06864099381713347,5200.9547177260465,3122.34615136452,2824.5084733638732,0.05856413539060722,2.7481435758690687,69.87875288423938,63.31485240397767,4.711981949777579
19,supercollider/SC_200329_164903.aiff,129.19921875,0.0,0.2851412073739565,0.09102463513289102,7845.035207029678,3825.106333172097,3558.3882075882593,0.025463177889617723,1.4071704766291946,11.875204804291497,21.58946764959526,4.510459803732738
20,supercollider/SC_200329_165742.aiff,150.732421875,1.0,0.30308239339426135,0.02019627014634094,1262.1669429684368,833.8739625701537,916.2527827759495,0.24779850568972955,1.230791549200796,231.32074283566186,370.88352176583487,1.5502468420794544
21,supercollider/SC_200329_170042.aiff,172.265625,0.0,0.4085991226529581,0.025631080090053777,1692.1424935409395,1052.6926438286823,1325.8650698822103,0.2115176127497993,1.8705520344773297,281.5873319946182,278.09454034986766,1.2922255715213422
22,supercollider/SC_200329_170429.aiff,86.1328125,1.0,0.3705738272061912,0.02305182431967488,1451.9798405530964,948.2236258046792,1305.6833560509835,0.12252550434978024,1.5932561610869893,126.54303112374723,156.08379297352894,2.4841645785729116
23,supercollider/SC_200330_163202.aiff,107.666015625,0.0,0.40172104892329685,0.024928890922108874,1637.594504618989,957.1607926949266,1218.593019466854,0.15273403892510068,1.6320356436869656,175.39159850759435,187.87693569150326,2.0790184119861603
24,supercollider/SC_200330_163717.aiff,129.19921875,1.0,0.3638577483123469,0.03479242948631969,2743.661510751425,1453.8959985024903,1772.2867607673209,0.15523498290487836,2.3010522443876917,187.44963065985513,188.0391366564463,1.2098672741280643
25,supercollider/SC_200330_164249.aiff,150.732421875,0.0,0.32891902198572825,0.04577207882855236,3195.6508087049724,1810.5559159753577,2103.9950847304663,0.16296052460906502,1.2184129604893656,173.09636968875552,222.13487216406224,1.7515278639936773
26,supercollider/SC_200330_164513.aiff,172.265625,1.0,0.3334320742938839,0.05250009789948402,5224.944628325831,2566.1071863066118,2898.9108645064107,0.16615377232492407,1.9685034985842362,178.42675254671437,237.57683820276782,1.571231212960293
27,supercollider/SC_200330_165026.aiff,86.1328125,0.0,0.27413164624241454,0.16051834103918447,11476.32151392326,5378.774869152027,4683.899040432914,0.04444201468134753,1.4553078227222558,18.807410655444215,61.99193824642752,5.211319188704098
28,supercollider/SC_200330_165358.aiff,107.666015625,1.0,0.28640373527908913,0.017840176700751168,766.5054276337249,664.8468980298057,781.7040905275184,0.2000167637585156,1.2773847980079087,238.7014843811961,321.05536603861367,2.089082690557466
29,supercollider/SC_200330_165741.aiff,129.19921875,0.0,0.32593161021412786,0.019219986501545758,1044.0679350790692,743.0679041149464,819.6770040241779,0.290794601129727,1.2867634909658454,325.02837188639654,460.28489218923767,1.1068754237714489
30,supercollider/SC_200330_170107.aiff,150.732421875,1.0,0.5063549063267905,0.013239480003890573,1140.8234508178994,639.713356363468,666.0912042882991,0.3249181320623353,1.3072415718044796,320.9677488671677,539.3651869090345,1.5088192394830302
31,supercollider/SC_200330_170530.aiff,172.265625,0.0,0.44497268986293514,0.019379551087478263,1609.9025065320693,948.9546373374758,955.5494959159287,0.30541985512547687,1.3413994036862653,336.7733100719719,457.238167346865,2.1674070874008042
32,supercollider/SC_200330_170812.aiff,86.1328125,1.0,0.30694927203406996,0.009732821422797501,966.3459734861734,730.0515991848099,935.6763385813434,0.18305804457153924,1.7912759968702412,232.36615617283772,222.40744793686952,1.7993295855104616
33,supercollider/SC_200330_171117.aiff,107.666015625,0.0,0.27314507705600355,0.01911682108345267,2019.914950595503,1171.7781541342451,1314.7837016468975,0.20945566356076636,1.274765719209689,198.989416542872,355.4986547120666,2.079850972663573
34,supercollider/SC_200330_171429.aiff,129.19921875,1.0,0.33527566838876427,0.026720312120582512,5869.895053563665,2522.42947878619,3202.2992294698724,0.25782822013122814,1.2536500756207287,272.90580766400683,407.73512752805084,1.703121057394403
35,supercollider/SC_200330_171738.aiff,150.732421875,0.0,0.46090415969557896,0.011508698573935647,607.1946028555589,485.321740892783,771.241789384173,0.28602827241295053,1.5824375181673749,325.083735869164,428.288036444358,1.3714967723408753
36,supercollider/SC_200330_172022.aiff,172.265625,1.0,0.513240357528274,0.011542312629766144,862.8942817086872,542.8694225375496,669.4498085340797,0.24268820298252688,1.7290072173168065,240.5672143959221,349.2835971182044,1.2356324237621674
37,supercollider/SC_200330_172252.aiff,86.1328125,0.0,0.25239126859650246,0.01540662179748226,715.597243666082,670.6953377837025,876.5280450220743,0.12648588767655333,1.4659881308263687,154.5948069913209,168.56060862793916,2.4600703635588372
38,supercollider/SC_200330_173541.aiff,107.666015625,1.0,0.2889689802540363,0.01880393892385047,1011.0296356167581,847.6148866980727,1033.6844694181955,0.20983444003547153,1.4912280084565084,247.76609039910963,300.29641642894,1.2452222893427327
39,supercollider/SC_200330_173814.aiff,129.19921875,0.0,0.3783365268752651,0.05199344469048634,3183.6481259229454,1991.3932927316,1940.9979251875207,0.22024643733463467,1.1912221317869363,105.27207091765716,378.5790572399401,4.643895471209669
40,supercollider/SC_200330_174922.aiff,150.732421875,1.0,0.3178985236232329,0.06984783068673965,7082.599271835106,3224.6120132307005,3305.808901599232,0.17436672303922468,0.8811778115008846,33.212446653248165,305.51304260014,3.698789473955333
41,supercollider/SC_200330_184432.aiff,172.265625,0.0,0.31537026918882105,0.0387711473170633,2523.176890189373,1402.5771063896982,1404.7017756865757,0.18950397428335566,0.7805033476787159,60.9805508977644,410.82403016911496,4.949046399276903
42,supercollider/SC_200330_184658.aiff,86.1328125,1.0,0.36500755051166395,0.01883157172931693,1261.3008135056089,863.3063786809704,1157.4717722825758,0.035231813807390225,1.2666198136010165,32.59247793578128,57.73474362724296,7.265299963020486
43,supercollider/SC_200330_191422.aiff,107.666015625,0.0,0.5212462558139218,0.022304250294283692,2128.0194364805375,1151.728406335747,1568.5970141310718,0.14861867782728344,1.6724805778463911,143.04027572319967,221.24887306169003,2.108840462480356
44,supercollider/SC_200330_191805.aiff,129.19921875,1.0,0.5224475455438585,0.02463462284824992,1940.3079080482546,1032.9766783877267,1197.198818382641,0.12824874893279378,1.6509596653216791,148.6845924931747,163.4243074524055,1.7816549845357295
45,supercollider/SC_200330_192216.aiff,150.732421875,0.0,0.4468693708005084,0.028834488278711996,2522.6662836071423,1290.1564219098332,1447.6539832849298,0.13885952112182784,1.2345123255640331,101.21835210423129,232.61138292129257,2.540560580816488
46,supercollider/SC_200330_192541.aiff,172.265625,1.0,0.3393442667126637,0.03960472511166465,3383.9038294929264,1612.7972983097766,1646.9645523343204,0.09581437987795306,1.903418665945366,126.85603385499135,87.54815054207477,1.490640906440877
47,supercollider/SC_200330_192819.aiff,86.1328125,0.0,0.3370529684186685,0.026725676951935937,2459.1806525042625,1327.1310822570215,1496.1398304560112,0.07163316515817571,1.6569440611372492,77.69653898414039,97.59081321604955,3.9634699661794395
48,supercollider/SC_200330_193042.aiff,107.666015625,1.0,0.3214063309072178,0.09283215303312078,7682.372616643137,3528.181429534021,3318.8070373614273,0.06931293057345703,1.4635959120692819,23.409778319665804,100.03599668221156,4.789731086116427
49,supercollider/SC_200330_193439.aiff,129.19921875,0.0,0.32370722507365324,0.021688368079447663,1003.1609813478278,798.3416852859523,852.6178794585531,0.30132335444780073,1.4145486353321992,310.0110993747613,518.2136504207498,1.5593858004807535
50,supercollider/SC_200330_193816.aiff,150.732421875,1.0,0.4329298699505826,0.021445040752471597,1487.3076988375306,919.5771821178525,1067.8860514062728,0.25479223695790876,1.1847022828802702,258.10764502924144,439.1820123723014,2.147363959981618
51,supercollider/SC_200330_194258.aiff,172.265625,0.0,0.4076782284429788,0.02684326345903222,2084.503307167405,1100.9994307757402,1073.9342319906007,0.19304731582573761,0.8076869313498917,123.61235759471741,466.74056054456935,3.7865445034627907
52,supercollider/SC_200330_195732.aiff,86.1328125,1.0,0.30374285768984416,0.02387967641124215,1675.7858200817896,1016.9524237492453,1139.0668491260274,0.13452739586504436,0.9865696962981303,76.80645326139555,263.9435439601358,5.050379699795881
53,supercollider/SC_200331_201600.aiff,107.666015625,0.0,0.23019653154962186,0.029642188911731572,2259.7472630433685,1296.4890697230126,1362.498483524359,0.14082170173734282,1.0994425286792928,107.31017943703404,235.41438781870565,3.229498728109998
54,supercollider/SC_200331_201845.aiff,129.19921875,1.0,0.5227309849158264,0.03933608787641065,4021.0536565333496,2258.3612013579304,2305.9654378342184,0.16172507997471589,1.4642778506360385,104.48514134292456,315.6439202148522,8.296098038887004
55,supercollider/SC_200331_202110.aiff,150.732421875,0.0,0.3671091497574748,0.0462926221974244,6427.3187074157395,2734.9584687770853,3186.318976918311,0.23867698799223272,0.873433778719567,199.53176924311632,408.0785801415734,2.578054119374078
56,supercollider/SC_200331_202450.aiff,172.265625,1.0,0.5724618001996045,0.016549610678556093,1408.8597073838055,863.5496499250421,1124.3415192802613,0.2345333144854277,1.5829467080201751,297.80913245275786,353.75248033854666,1.4980454898062292
57,supercollider/SC_200331_202731.aiff,86.1328125,0.0,0.3091521438476224,0.018228215186301282,853.622408632695,668.8880846476279,810.9793860813375,0.1588843435295317,1.153822601233565,112.02565062769139,259.6058687655062,3.8696236457413087
58,supercollider/SC_200331_203026.aiff,107.666015625,1.0,0.3610235609555161,0.026686711212370897,2157.5872959171597,1160.5633228215297,1184.014230372869,0.13182534666634838,1.3226666961580975,70.23713366199223,241.65309595106567,3.8138532013837665
59,supercollider/SC_200331_203255.aiff,129.19921875,0.0,0.3718066904518985,0.029346377984137674,2391.5350105534767,1260.753313964577,1301.875583986126,0.1205459007133497,1.1950656208670334,87.30606388010273,175.55504372772228,3.1129372002643385
60,supercollider/SC_200331_203528.aiff,150.732421875,1.0,0.5377861865044085,0.03188949425883959,3419.955676787984,1928.689139495188,2118.930353236091,0.16662338807492796,1.4200172754853961,121.49976909538407,329.0658094579519,4.50695920707756
61,supercollider/SC_200331_203820.aiff,172.265625,0.0,0.3546122283977139,0.05267500208308782,5082.405815587457,2387.5982950504913,2467.9071425837665,0.18304312610988024,0.9153926980037934,131.64814064392445,395.69112034627994,3.434360721389606
62,supercollider/SC_200331_204205.aiff,86.1328125,1.0,0.516120924935232,0.0166169234732864,1597.0224362721617,936.3574702539729,1207.3438272385215,0.08468826739839978,1.6938742495097157,80.44089815693232,115.25437648782273,2.518425436176009
63,supercollider/SC_200331_204436.aiff,107.666015625,0.0,0.5975486093822288,0.017800544090625422,2097.5300294635617,1096.706293868789,1346.7784998472273,0.10185193575828401,1.5703326557929995,110.82472865338386,122.29096767749077,1.9905771644340229
64,supercollider/SC_200331_204657.aiff,129.19921875,1.0,0.4684191207654192,0.028436713442504757,2837.1103111689326,1445.1674298114262,1651.4665221736707,0.10959023982529133,1.2085144365389737,75.05786738080658,153.03735516981828,1.9666525451134942
65,supercollider/SC_200331_204936.aiff,150.732421875,0.0,0.6505778768405188,0.025894369549256342,3845.441472863346,1876.9256761881113,2255.872061215842,0.14299986247588287,2.0367444479630006,167.58823412420892,196.96286955985602,2.1076462156070197
66,supercollider/SC_200331_205138.aiff,172.265625,1.0,0.39155834932995137,0.05781794422753311,9354.834302724965,3634.1583923064936,4143.811421790014,0.17027144197301264,1.4074283544603814,184.4808757473344,226.98168640662487,1.1210906264487486
67,supercollider/SC_200331_205400.aiff,172.265625,0.0,0.6342087629976085,0.02842941073336814,2671.171343556518,1247.6314976999897,1234.5942581763152,0.13015029743552248,1.1156292869434585,57.50948261002051,201.51933092928226,2.637975740588274
68,supercollider/SC_200331_205924.aiff,107.666015625,1.0,0.39509463468698447,0.0276200581292929,2527.5186722293092,1283.1596471128462,1369.5742064783972,0.07904975314397644,1.54289368477013,84.6739119903556,80.41279875595154,2.35629801916098
69,supercollider/SC_200331_211712.aiff,129.19921875,0.0,0.4000862424400572,0.06460760260926064,5347.438128504684,2840.4361710912385,2670.97632782027,0.10516394314045904,1.7030632132116963,61.504972213372916,147.86075762547893,4.426829665013188
70,supercollider/SC_200331_211918.aiff,150.732421875,1.0,0.49304058172540977,0.032739219021152725,3109.9051876082913,1504.2628510451825,1652.2118787444722,0.09092134224156799,1.3878423180948625,89.22655543404849,103.03563271147371,1.9708689316406929
71,supercollider/SC_200331_212150.aiff,172.265625,0.0,0.45313377301041025,0.040825039562942485,3598.243113789856,1707.8746094172302,1649.082608937022,0.07411273326916754,1.3852642190046724,39.487503353424266,101.85546722231244,2.927017858025821
72,supercollider/SC_200331_212414.aiff,86.1328125,1.0,0.2795295308528312,0.0448531382207182,4659.377062459867,2216.8300722815943,2183.162803888981,0.04911330081902932,1.8680968745112276,74.28677439601785,40.8166137305383,2.4854063425705215
73,supercollider/SC_200331_212708.aiff,107.666015625,0.0,0.4114646255719995,0.06053488865091889,4155.364693793537,2457.2512757398335,2340.6855004721174,0.027460580230852388,1.3043392575656847,7.137993149331204,36.09147011142213,5.70095231875127
74,supercollider/SC_200401_130454.aiff,129.19921875,1.0,0.4246852098495967,0.06636641597718423,5469.240547154412,2881.917576000065,2834.9399972078263,0.03484956361789001,1.9330386177828336,29.61233416107175,47.78925318872383,4.966370435084795
75,supercollider/SC_200401_130907.aiff,150.732421875,0.0,0.4770977103454044,0.12662160394762892,7929.343514313436,4779.9996303371545,4308.12511827266,0.0360507066798115,1.0606080291232323,3.1314463173775478,53.99705280498918,8.673779307644267
76,supercollider/SC_200401_131345.aiff,172.265625,1.0,0.35943260657751364,0.030402888790184983,2022.3567061965634,1224.945619657141,1478.9946244465827,0.3497565649098251,1.4226841262084449,300.2073559473598,570.4270347151124,1.431166653896693
77,supercollider/SC_200401_131629.aiff,86.1328125,0.0,0.46382331695514545,0.02157574629099377,1528.629422247669,947.0806707765812,1322.5679693170177,0.15747793550244826,1.4418080654243133,159.91932616196013,288.7502934850428,3.380745734669277
78,supercollider/SC_200401_131934.aiff,107.666015625,1.0,0.3631140166075255,0.02599271509266112,1822.443795972229,1075.3498538222525,1431.1487489890112,0.16714503332114106,1.3081134660344191,81.1595372798892,286.3395015923533,3.6646701567224103
79,supercollider/SC_200401_132214.aiff,129.19921875,0.0,0.45279647293506886,0.031847498890008014,2367.9484798707217,1289.3814591759983,1395.5968912373885,0.17727564883251729,1.334131505302653,122.58668007645748,304.0581762872365,2.7456288186354905
80,supercollider/SC_200401_132440.aiff,150.732421875,1.0,0.39908357695148855,0.029315457082426673,2248.472475587163,1312.493608850756,1631.8054284173104,0.23786459608449037,1.189197824773202,216.5926200560513,496.13450628454655,2.563755508978641
81,supercollider/SC_200401_133115.aiff,172.265625,0.0,0.37673133346073867,0.05448303567245188,6332.033268359321,2786.032524662604,3137.3242904531253,0.21450803472342458,1.1647807110048132,228.31827425537165,352.91751140368615,2.6461259384036477
82,supercollider/SC_200401_141307.aiff,86.1328125,1.0,0.25678726157903103,0.08133889552604573,5136.776525641308,2834.458933065022,2866.8814919318993,0.15445277638087243,0.9265683851198798,13.96899789763877,320.46382518587166,6.580897679089708
83,supercollider/SC_200401_141540.aiff,107.666015625,0.0,0.5260656021794807,0.012422048771582844,1100.7816308261667,743.369774038957,1268.6263695210257,0.16388592658622103,1.4021125391851936,121.40625711277184,341.64697934459275,5.117114467828636
84,supercollider/SC_200401_141924.aiff,129.19921875,1.0,0.4635829042370221,0.0184528383872835,1270.22689699605,806.2557984314749,1061.0348346080943,0.22240475760810707,1.3563558650806584,223.47868014342177,327.98635112155057,2.074430734737918
85,supercollider/SC_200401_142130.aiff,150.732421875,0.0,0.41063179670747846,0.03465197683893631,2659.448193223634,1432.970745460786,1728.302096211223,0.14634767416603942,1.4734944360196742,95.17817634065108,225.5394811520153,2.7874641080481477
86,supercollider/SC_200401_142337.aiff,172.265625,1.0,0.3985059157487356,0.030860829693476984,2402.6871426453454,1411.6103186035925,1768.8573260845594,0.2262933145311555,1.4257512649082607,255.17444876785535,358.9691981691509,1.303714352818179
87,supercollider/SC_200401_142531.aiff,86.1328125,0.0,0.3949036974617108,0.05107868518082385,2582.32895174512,1927.3713491527496,1951.0066389517885,0.12571613861250203,1.4255914214062257,90.05325714429603,212.2773421908283,6.937633500567933
88,supercollider/SC_200401_142752.aiff,107.666015625,1.0,0.35324022500162466,0.04541738441549916,5294.06370992482,2445.054903049583,2910.656910961031,0.16764204677153471,1.2559555804099978,174.4907904482445,262.6434469641273,2.499691304430265
89,supercollider/SC_200401_143002.aiff,129.19921875,0.0,0.6506289516454418,0.015855301232784773,1494.5236119434035,882.894714175708,1347.8208892823573,0.18493794497078034,1.3680267048014911,165.79616731501403,301.1708037319927,2.5989998194037804
90,supercollider/SC_200401_143223.aiff,150.732421875,1.0,0.4858303669916113,0.02852182195370974,2490.000307054381,1335.7869926293492,1746.2657153216735,0.18346289024128937,1.6100655392245211,55.558917392769935,274.61857933954866,2.864918537116242
91,supercollider/SC_200401_143448.aiff,172.265625,0.0,0.5612219897202118,0.022306982749257305,1885.8797228041087,1091.6738562184637,1584.2376669478328,0.22596107930107115,1.6085902697354841,189.05668068353037,313.3699299836502,2.000763521574603
92,supercollider/SC_200401_143737.aiff,86.1328125,1.0,0.45248233708943497,0.03316207068868999,2896.1308543681507,1825.0669211354707,2173.008083088679,0.07227407098255612,2.0422384457255873,46.97716915430432,139.13624402605575,8.876882661824471
93,supercollider/SC_200401_144007.aiff,107.666015625,0.0,0.43734876920925847,0.1779790224463364,8731.68507116711,4492.810923970403,3509.5864389387507,0.08892388000869889,1.4023192489831509,14.103408701054814,182.3725014016918,6.235544736381352
94,supercollider/SC_200401_144304.aiff,129.19921875,1.0,0.40249253643119787,0.035140896671982745,2903.027612014145,1455.9347735942506,1760.9124260045103,0.1484824515824996,1.6948708941215542,131.77833072205215,177.94530632585267,1.808524401807846
95,supercollider/SC_200401_144533.aiff,129.19921875,0.0,0.38394247682735383,0.03566629466549242,2734.075291054828,1473.8887538998583,1832.3418753637322,0.16835682620459724,1.952645030798753,197.34627493723144,201.29118343476014,0.982619913053564
96,supercollider/SC_200401_144816.aiff,172.265625,1.0,0.6515621244448877,0.046236023521167104,4615.944965313088,2426.3235633991635,2664.1511265566096,0.19841913807688347,1.5294353599946686,98.6707457806877,330.1224397784083,5.066663413882999
97,supercollider/SC_200401_145238.aiff,86.1328125,0.0,0.36374858236566254,0.06951319846419016,6768.307636596051,3219.303015057263,3576.7629001353407,0.07402577061602254,1.5770621577915693,-0.16444852047308078,127.08639958746032,6.025916876637482
98,supercollider/SC_200401_145543.aiff,107.666015625,1.0,0.2743821707400985,0.03820681998970876,2782.11727015764,1551.557897214774,1827.0811263899866,0.1019073082966314,1.5829077659771869,128.9486084845406,129.16885784422087,2.0716631149997062
99,supercollider/SC_200401_201155.aiff,129.19921875,0.0,0.3896395875676236,0.0500944761217794,5251.021452387169,2421.426284394038,2656.263985091556,0.1361035258946219,1.685727211864909,113.79138153030458,176.4434645680498,2.233979842259842
100,supercollider/SC_200401_201434.aiff,150.732421875,1.0,0.38043203841705464,0.10440337348903204,9185.220298669336,4007.2683847608337,3909.136798995599,0.12229173096664521,1.259478703264345,80.95614089752692,178.68756177287727,2.460897616472368
101,supercollider/SC_200401_201649.aiff,172.265625,0.0,0.4503440052566492,0.0680710550434282,6917.280582827458,3229.427396973442,3386.147689211365,0.15138168582040792,1.447904080002636,81.51771386403571,230.62154890505252,2.586681763188125
102,supercollider/SC_200401_201906.aiff,86.1328125,1.0,0.24620456199893836,0.051999987151555196,4893.868257948239,2343.3604084521876,2732.039233725496,0.09640300575019858,1.469158511221551,105.63894890097863,118.13921152481038,1.965051875177231
103,supercollider/SC_200401_202214.aiff,107.666015625,0.0,0.41629913960689907,0.011501247209672107,654.9587599907165,509.02570509082113,744.9041690339196,0.22544091501163585,1.4613155384821745,253.89047068212528,351.76857523853596,1.945416434574276
104,supercollider/SC_200401_202416.aiff,129.19921875,1.0,0.4003510575649773,0.015818000968506135,956.7753580861286,645.0342147523355,711.4765293008306,0.27001658152784164,1.43761862610185,349.0741443521638,388.19322666956464,1.2575737086456424
105,supercollider/SC_200401_202617.aiff,150.732421875,0.0,0.400926087641416,0.018600903692371454,1346.7974448262726,854.7052340615851,913.9412277193132,0.2481969701780693,0.9750582472648794,215.89682961837073,410.18948658303964,2.6127952032331194
106,supercollider/SC_200401_202829.aiff,172.265625,1.0,0.3603308008741939,0.026259365916755307,1408.762414266097,1002.0368994533516,1019.2051024240202,0.3597979745541135,1.0263388048859206,447.62761786665664,647.8221278622193,2.470666682271599
107,supercollider/SC_200401_203019.aiff,86.1328125,0.0,0.31384452547084174,0.02354543467934243,1791.5114098027727,1138.3786881702454,1286.9348291901274,0.18050683517642005,1.2350672496766224,197.5743852627776,280.04768407124925,2.9011920482330704
108,supercollider/SC_200401_203226.aiff,107.666015625,1.0,0.3392236992186176,0.019553462736858845,2253.2010371390757,1237.755040186732,1613.8054646912478,0.20185184343645127,1.0858988483793741,213.57713811585657,305.4236939772918,2.222095253427842
109,supercollider/SC_200401_203451.aiff,129.19921875,0.0,0.3962068272572219,0.015062816965220653,942.9095564927393,642.9013101830795,775.9953333447452,0.2914712241469843,1.2198461182342417,274.5197973739343,490.662970484747,2.04871638798668
110,supercollider/SC_200401_203710.aiff,150.732421875,1.0,0.5251675110642247,0.012838900274939525,1192.9072275968065,770.3502023613706,1027.6415470596228,0.27518383573466204,1.366735277980516,192.04336698068693,463.6647217807621,3.155650545473392
111,supercollider/SC_200401_203933.aiff,172.265625,0.0,0.37563822945395753,0.024970793671281258,1699.3420211664704,1099.6753672087675,1294.2429970325918,0.2812817406036894,0.8973464571869159,40.10131874725059,524.6875975910466,3.493539761161716
112,supercollider/SC_200401_204112.aiff,86.1328125,1.0,0.25681770009913685,0.03951469876578277,2224.150100856209,1642.2527149942302,1688.764303542685,0.14782956743123973,1.4689744421462614,30.800350665004355,271.0401551752433,8.267337035667786
113,supercollider/SC_200401_204347.aiff,107.666015625,0.0,0.2978945345725744,0.02295597214996081,2367.6376750347763,1222.2062996367774,1599.0109328224944,0.2503171340357367,1.1526815088111044,257.21650647846957,400.0223649100444,1.608024126685526
114,supercollider/SC_200401_204612.aiff,129.19921875,1.0,0.44308446980213695,0.018177745184041548,1201.5448905789551,779.329222808508,841.4908641879015,0.21565588512012057,1.1228720541249093,142.07369849624877,379.16740931023514,3.235575865003654
115,supercollider/SC_200401_204735.aiff,150.732421875,0.0,0.44225917318157454,0.014885221968406413,1227.4489685072335,754.9668784842481,834.859072833633,0.3106488086051147,1.146331918138901,341.7832219261484,474.9249059754852,1.7009774790382592
116,supercollider/SC_200401_204911.aiff,172.265625,1.0,0.6961725099676199,0.05046615105808623,4296.904613399909,2376.810867394829,2369.723384481959,0.17756310689884855,1.3868323154566493,132.26234052996696,468.03031450038634,5.726825392917629
117,supercollider/SC_200401_205105.aiff,86.1328125,0.0,0.29254039888597094,0.017706542005536115,1682.0488339995893,1000.2616981192384,1304.6202065286425,0.1853796838873192,1.4250756657438521,221.0147714757518,262.3478260873113,2.19671049353858
118,supercollider/SC_200401_205305.aiff,107.666015625,1.0,0.30301816295776685,0.025695814957085075,1911.4269684224762,1175.415339239692,1240.1614220557346,0.16293428118381087,0.9896633246434677,33.28525506958676,325.9435524419421,5.578218619763407
119,supercollider/SC_200401_205500.aiff,129.19921875,0.0,0.3972624248163472,0.02978632471654004,3879.5888558840415,1908.0144024213412,2089.5358914789153,0.24344952366021033,1.2178754697332306,124.4525722875233,450.56419041047707,3.3259579848817937
120,supercollider/SC_200401_205732.aiff,150.732421875,1.0,0.358175805241418,0.028897904953594664,4700.06903701613,2044.2696204470321,2512.9984293279126,0.2906428683963282,1.2108151867764825,340.43728773498395,426.214203819996,0.5529024645800535
121,supercollider/SC_200402_153439.aiff,172.265625,0.0,0.3821717288178791,0.026395611312482047,2671.188246367255,1467.0002527312677,1670.6731234822441,0.29812509761342826,1.0775745338760792,296.3666074448884,470.0516262858656,2.405591727829787
122,supercollider/SC_200402_153612.aiff,86.1328125,1.0,0.21924356542919163,0.04102853593666893,5631.111021115343,2536.503711085495,2784.860362345381,0.15580423655574333,1.0429439637049882,174.2433468982687,268.70917209104607,2.810354471663767
123,supercollider/SC_200402_162016.aiff,107.666015625,0.0,0.5719553341794719,0.00735833887395093,610.9145204198906,458.28093009014447,831.8378132932597,0.18434035713215133,1.2204990766759831,126.83670642328808,328.60027134157235,4.847041793002249
124,supercollider/SC_200402_162203.aiff,129.19921875,1.0,0.511471569965857,0.011772432318020583,951.7447489572371,709.0585099583311,983.2294297895118,0.20065244267662136,1.1548357735729522,166.2844043650345,357.2535753224653,3.930323233490137
125,supercollider/SC_200402_162337.aiff,150.732421875,0.0,0.4844424736562127,0.01306273124865626,932.7826062392103,709.8628331510627,1072.0331219479012,0.24388825710564122,0.9409257729924816,169.31881403880942,460.8640349014519,3.631550215603176
126,supercollider/SC_200402_162537.aiff,172.265625,1.0,0.47253688503789626,0.02526424627403167,2475.1564283692232,1428.0432928234009,1716.7697802557784,0.3169242322784958,1.2084757209032118,331.7338726912282,511.7511462035005,2.4628074004670633
127,supercollider/SC_200402_162723.aiff,86.1328125,0.0,0.30213952154095114,0.016396971040290746,1029.25370501779,713.1333603558505,985.0046011066509,0.19156557501197036,1.2951104461918084,184.56478338954082,269.698326617119,2.257474279955308
128,supercollider/SC_200402_162922.aiff,107.666015625,1.0,0.4261215984543164,0.017018079693257568,1054.5926523859762,724.1377350355971,844.8619779566402,0.17331763939234404,1.07670943186294,83.16072368515022,316.7065518142257,4.1926157374688895
129,supercollider/SC_200402_163118.aiff,129.19921875,0.0,0.5625705193423209,0.02032272575023466,1692.901001616888,1085.9236341291698,1323.9171953477921,0.09611340247441706,1.1665068397010114,73.39589434566253,212.03446647722748,4.800296569248542
130,supercollider/SC_200402_163320.aiff,150.732421875,1.0,0.4706231791653486,0.017261005281640474,1648.3600075818144,869.940846607079,1072.2697773111397,0.15742725629036,1.0145812511972698,75.55741690143623,388.73844092950856,6.531209426639043
131,supercollider/SC_200402_163459.aiff,172.265625,0.0,0.37854273495130353,0.03885929499563636,4442.728196872604,2172.998387045427,2881.0941244164005,0.3211201748480479,1.0761042453460279,372.2819844593352,514.2959779150895,1.4152476590134315
132,supercollider/SC_200402_163636.aiff,86.1328125,1.0,0.2833427035614024,0.015497232276512755,1097.627283719666,802.7470733197379,993.8705465283174,0.1565225659293174,1.3170266657343053,179.73511221794993,219.52213048196248,1.8244509792109378
133,supercollider/SC_200402_163916.aiff,107.666015625,0.0,0.3824973178015866,0.05739922601887836,3087.4442715373348,2321.444875697986,2098.7564659377413,0.1619004209014552,1.5754270448004963,55.973838076753765,290.651709945019,9.32097163925912
134,supercollider/SC_200402_164115.aiff,129.19921875,1.0,0.32688547088910314,0.07145573253241763,5152.072301086586,2634.556814559604,2776.133097487046,0.22857313859673797,1.3098246518536567,230.82487386858196,327.35109838113374,3.0297291551486984
135,supercollider/SC_200402_164322.aiff,150.732421875,0.0,0.3668073440920193,0.04549148376429865,4864.295755754461,2459.221482598902,2627.5939234012317,0.21723277740686323,1.2833386288478774,72.99858572227058,343.13286512971206,2.759056703003701
136,supercollider/SC_200402_164521.aiff,172.265625,1.0,0.3575166823043482,0.0728943893984524,6045.979699217598,3090.700934164165,3147.4515721232865,0.16380848125825115,0.7356701886518037,27.627248638897573,381.1626415829927,6.613634450206829
137,supercollider/SC_200402_165028.aiff,86.1328125,0.0,0.28560376969814005,0.030328768708251387,2246.623309150653,1227.48524693526,1435.9746671394541,0.10332916836538936,1.399500931825454,64.32344497617514,237.57356740927452,4.774276899698788
138,supercollider/SC_200402_191415.aiff,107.666015625,1.0,0.299082462308092,0.027875222177739127,2149.1747162032016,1203.523194856386,1424.3583008658932,0.19211923505911585,1.2398550832991968,129.83194712918663,382.1792215677825,3.3440736357600125
139,supercollider/SC_200402_191745.aiff,129.19921875,0.0,0.45207678250205974,0.023293332684224427,1902.4643802281525,1093.8415611870932,1328.4359226369033,0.2643399435257774,1.2117011182544757,113.28382935812449,505.7849680142456,3.1337370631626302
140,supercollider/SC_200402_192013.aiff,150.732421875,1.0,0.4171482195457137,0.028337949759353255,2594.3219317846597,1356.8997121244358,1519.9176446425886,0.20349572723861442,1.492977683504281,168.23287913213795,321.29742887802024,2.5958561066819668
141,supercollider/SC_200402_192216.aiff,172.265625,0.0,0.4056167151804259,0.036792836169157,3176.5525047329334,1623.009486204047,1812.8197779235254,0.20480397832161465,1.0068200114667247,115.98260122216568,471.5375651369561,3.8937198827606716
142,supercollider/SC_200402_192402.aiff,86.1328125,1.0,0.2659139164931155,0.032895352237526106,2532.674898405624,1569.7681079268718,1599.1856000476207,0.1002959619860282,1.3896950084307742,55.60825476778737,198.20429488850965,10.200413520280797
143,supercollider/SC_200402_192605.aiff,107.666015625,0.0,0.38460732633346045,0.05871429399415101,6052.890942289185,2731.8219326803755,2936.0973709137515,0.10812786034351655,1.6904858389552406,109.62508976797857,163.54585023510333,2.6644672956221602
144,supercollider/SC_200402_192838.aiff,129.19921875,1.0,0.475013032853144,0.016472491205756366,1458.2354474130157,839.9866715702785,1171.0105010014222,0.19809888117367852,1.2776098467912271,129.4150286786784,363.8084384503795,3.6458073748902056
145,supercollider/SC_200402_193105.aiff,150.732421875,0.0,0.43658909597441553,0.02730400087538848,1961.7590880571122,1149.5802476005501,1392.9720522449452,0.225234909568085,1.3098131050850954,239.43199352468017,524.0523930924218,2.937342722528642
146,supercollider/SC_200402_193305.aiff,172.265625,1.0,0.4223509880831811,0.03367897969513937,2986.6982337118097,1473.012378525836,1559.828562624991,0.1775567474962143,1.007388520012915,95.57904459442867,365.9224082456336,3.387212107580908
147,supercollider/SC_200402_193441.aiff,86.1328125,0.0,0.3603962178970652,0.02326793295870698,1827.4220965811342,1064.9733387407405,1309.5196641060152,0.182231779583393,1.3795924915691444,186.5396121654961,279.8515787749323,2.132114248848749
148,supercollider/SC_200402_193640.aiff,107.666015625,1.0,0.28072767354933315,0.03543631978350981,3532.58520048934,1816.4068204068305,1995.6830245227097,0.17686233121884692,1.4917910832292582,84.00619382900145,295.99851659176306,3.318818284209194
149,supercollider/SC_200402_193828.aiff,129.19921875,0.0,0.3603823915862375,0.07414423309248451,6198.066691927923,2915.755660221513,2954.0443199172614,0.13338538218035514,1.2283789537933083,30.68188361697097,249.90940848719436,4.057998207901012
150,supercollider/SC_200402_194157.aiff,150.732421875,1.0,0.5424047934094056,0.015991560752916627,1738.61414736141,978.4531592011697,1442.0506824610525,0.1815539151758954,1.5945027592770817,146.55423046100051,262.11324072565515,3.0482092724801135
151,supercollider/SC_200402_194424.aiff,172.265625,0.0,0.6118029167570451,0.02298377386544643,2381.9918853532595,1193.7047748542468,1383.425998523544,0.18760554014561567,1.341072018836488,140.8133634234055,274.4044050800613,2.4915863489832137
152,supercollider/SC_200402_194543.aiff,86.1328125,1.0,0.3725006371195979,0.024250542583912543,1968.0322445119702,1100.1619431803206,1428.512906772828,0.11974071758051133,1.5494977571651205,130.43008957759045,185.23808796369627,2.9573580473751147
153,supercollider/SC_200402_194745.aiff,107.666015625,0.0,0.5579452572354703,0.017162039365358393,2375.3017299615526,1247.8695591805417,1774.5514247564909,0.11672486888573731,1.662584770782722,93.01018186128368,167.46875938727848,3.1928938608765685
154,supercollider/SC_200402_194923.aiff,129.19921875,1.0,0.4221790878306516,0.0343498093182049,3764.101764423159,1789.6774410275852,2347.3232026784285,0.15833839316914136,1.9688290721761967,163.94610952161972,202.70490191123014,1.7056892568610653
155,supercollider/SC_200402_195102.aiff,150.732421875,0.0,0.46075031619226453,0.03564688441971352,3034.7656672400963,1490.2970896721863,1750.701980945684,0.18231686926178953,1.6739427157162836,223.4199882393254,241.73402155704125,1.2841481658963436
156,supercollider/SC_200402_195308.aiff,172.265625,1.0,0.5031062907801129,0.02857149826428855,2482.357409134175,1290.3286860091785,1540.3721005237967,0.20095377382335666,1.4986727308841568,172.69334943711263,307.23442551678306,1.9333824701016114
157,supercollider/SC_200402_195459.aiff,86.1328125,0.0,0.3478010162308612,0.03294220842429124,3090.8604849498934,1600.420468872801,1812.2286541592825,0.044658800619089896,1.7651884505834197,52.19567853507829,72.63505323815993,4.37967599619127
158,supercollider/SC_200402_195731.aiff,107.666015625,1.0,0.36389855656557357,0.03783227293895199,3219.1267104035287,1663.809602178949,1923.1179801860885,0.07742663540486712,1.4833703192473986,57.67357172316309,127.59689422974668,3.81101986647369
159,supercollider/SC_200402_195910.aiff,129.19921875,0.0,0.3905699744686191,0.0420039301240106,3563.5438156965483,1743.9227348915128,1898.787129187637,0.08273840268079452,1.1145271365639866,33.49635432990718,160.83936751499948,4.910764278656919
160,supercollider/SC_200402_200118.aiff,150.732421875,1.0,0.4033092689935611,0.053079790772190084,4885.612992878554,2408.3828055787117,2387.195362266508,0.10017324947184203,2.01948995321782,58.08545484623001,143.95548808452583,4.034994864739915
161,supercollider/SC_200402_200333.aiff,172.265625,0.0,0.39984851243895997,0.05259977170530697,5637.556004916194,2440.671646601324,2679.793526695523,0.11702621092186069,1.2333730443993862,66.41186477269895,187.55032669963597,2.9917134337254336
162,supercollider/SC_200402_200511.aiff,86.1328125,1.0,0.2944130901424438,0.044065746938085265,3874.748279272633,2129.284593188081,2366.154621024696,0.06231966754896502,1.4789282094599625,14.378372408120034,113.2621882721363,7.1483512211621365
163,supercollider/SC_200402_200702.aiff,107.666015625,0.0,0.30101861014037856,0.044684902669579515,4068.057417076347,2022.1125017008876,2273.4200479678266,0.09727030195260106,1.6227914366216754,97.44677889249633,130.42886108694967,2.6061541796147187
164,supercollider/SC_200402_200939.aiff,129.19921875,1.0,0.4950728946449458,0.014908193156270837,1084.7515930347872,751.7448494691248,983.842138719053,0.22960815315422925,1.477757910505261,291.0652606281142,321.18852303272047,1.609937954690798
165,supercollider/SC_200402_201138.aiff,150.732421875,0.0,0.47096610262830285,0.023194640181816904,1654.5776195882613,976.2797798676588,1066.0435649837464,0.26779294670471193,1.3904967164204436,299.41041871364433,495.6412146652651,2.2527736231615876
166,supercollider/SC_200402_201339.aiff,172.265625,1.0,0.38897546033148556,0.022335061269040613,1701.8818217515359,1014.0015143629481,1065.1073434960824,0.31640284837759663,1.093709671292562,299.7338150442691,520.3838749695827,1.8051372901994664
167,supercollider/SC_200402_201525.aiff,86.1328125,0.0,0.3017852997120594,0.019657734309338357,1139.2698319111432,902.0030914069471,1117.544765329984,0.1662164080851157,1.0351419706736409,174.20876432153605,299.3304469080723,4.947933285365754
168,supercollider/SC_200402_201750.aiff,107.666015625,1.0,0.31209302079695944,0.02108799662853548,2053.3687177909324,1167.4871249122366,1357.4501297060401,0.20813811294035245,1.0713093930994266,85.37316285798178,411.6101253445628,3.841245307022882
169,supercollider/SC_200402_201937.aiff,129.19921875,0.0,0.3239665199923847,0.0217123258506043,2201.5301306146266,1238.6705034391275,1551.405232839685,0.26800274165531174,1.3178976543353378,311.712985019036,473.27120629293074,1.7177816067364264
170,supercollider/SC_200402_202203.aiff,150.732421875,1.0,0.44442980080009964,0.016263390377730592,1337.2326617608796,785.9701171313295,966.4372721412036,0.2942413973574602,1.322714015268473,178.70693513823937,504.24547594992475,2.418790872849771
171,supercollider/SC_200403_115414.aiff,172.265625,0.0,0.504045706055716,0.022807536099753084,2194.8769250808896,1137.2543339337744,1272.0891631259544,0.22605357376335677,0.9821008704579464,91.66239979039088,452.22916902398674,2.9118068177440857
172,supercollider/SC_200403_142105.aiff,86.1328125,1.0,0.4375687520054128,0.02683684326191088,1951.763074825964,1300.4378528136795,1621.1352843871218,0.13299569453880158,1.155504580520561,27.151204915947645,340.4095822055657,7.880239288283419
173,supercollider/SC_200403_142415.aiff,107.666015625,0.0,0.501080168746022,0.045450839231986846,3552.2062682834053,2130.2395880813565,2217.9525264882295,0.2085327008065385,1.4016830446761834,99.89612899048899,383.0856607173987,5.971011850543283
174,supercollider/SC_200403_143413.aiff,129.19921875,1.0,0.2742502016986909,0.024871699544599304,2111.0772938829477,1213.445324714363,1379.76996843826,0.21534303300080485,1.0342211724827388,115.34987836930166,457.02646306712484,2.9119640286552433
175,supercollider/SC_200403_143550.aiff,150.732421875,0.0,0.42741781509441357,0.019659599969829064,2048.1288015377286,1066.5163677318449,1118.4835716332584,0.24639061670586837,1.416064431714813,242.78347676819146,411.82846287069424,1.877483122906947
176,supercollider/SC_200403_143717.aiff,172.265625,1.0,0.6031173624309342,0.018451502899371048,1754.6887817760626,927.4849116056599,1026.2770112914573,0.2053582046169399,0.9943386338743825,133.372946658465,480.6049620967566,3.496564175571526
177,supercollider/SC_200403_143830.aiff,86.1328125,0.0,0.47396883684138036,0.02496407590090021,2576.9215093263074,1403.4238822989043,1647.0744824138035,0.07226100371686939,1.6444468350390395,41.849569373797955,116.08446094124938,5.8711268113119734
178,supercollider/SC_200403_144036.aiff,107.666015625,1.0,0.31385541111108295,0.04436857219516045,4608.296913849943,2207.7767647019045,2380.177707730749,0.13854348930119498,1.1761748810946444,31.372632210392954,278.0388572615233,5.106291684523597
179,supercollider/SC_200403_144221.aiff,129.19921875,0.0,0.428141632784386,0.03016363923641087,2584.7596545726656,1348.0115542937833,1383.2074107993005,0.13706508064017775,1.0905112164012722,58.871135364328126,287.8247650583569,4.18904588713259
180,supercollider/SC_200403_144405.aiff,150.732421875,1.0,0.4330915036514154,0.034628001528422256,3753.6138835293423,1778.1729810400811,1831.2028445812462,0.1710863602187876,1.276053976329491,65.59437060109737,301.14709530334505,3.193187557144676
181,supercollider/SC_200403_144624.aiff,172.265625,0.0,0.35976072350611127,0.03987381708734339,5128.336054200636,2354.428333812786,2629.1988821904465,0.3056991461507538,1.3412963883981266,362.7168405368463,474.73192915937545,1.3861199145850671
182,supercollider/SC_200403_144839.aiff,86.1328125,1.0,0.2929729870064571,0.020233876412856434,1812.648755591187,1072.1534438790268,1218.3242234407694,0.2164372858294092,1.2810159171093805,245.70752921092225,312.0137687891414,1.5161886905065
183,supercollider/SC_200403_145147.aiff,107.666015625,0.0,0.31423878169227953,0.058509686483888455,5843.378464482465,2932.078135240253,3140.3558240350767,0.16647372432526295,0.7609435745514914,80.57775421498877,400.8394361400956,6.589014008316503
184,supercollider/SC_200403_145352.aiff,129.19921875,1.0,0.4899814588640685,0.02108300761280816,1632.275799325482,943.367832831656,1104.2942166836474,0.22272135567691972,1.2900835265378614,118.57545525587358,378.8598051723019,2.7443344825003875
185,supercollider/SC_200403_145533.aiff,150.732421875,0.0,0.5284571928176889,0.019580722080012568,1754.9587552112564,1020.3597756421635,1223.4373300133034,0.21702842715029938,1.5854752239277228,273.31197336609637,381.4574761186002,2.707431874988272
186,supercollider/SC_200403_145741.aiff,172.265625,1.0,0.443752053615982,0.022007446128796807,1815.6589695764176,1087.4367936600063,1395.776407967529,0.2638087156180606,1.4332084397333769,325.04420051134156,411.1690747617712,1.6496994249297554
187,supercollider/SC_200403_145927.aiff,86.1328125,0.0,0.5465106402274005,0.039764991669490955,2288.8928089162537,1779.2834539740616,1830.0746352339588,0.11988097289888193,1.4976808408240774,28.727658844804033,205.68971323782978,9.147101426532931
188,supercollider/SC_200403_150756.aiff,107.666015625,1.0,0.424149079170039,0.03093929307615756,3967.3420815361605,1904.0529365037412,2540.1767948350002,0.19495901323814965,1.3166268305719901,200.54529941407168,297.9971836801067,2.545938862132413
189,supercollider/SC_200403_161619.aiff,129.19921875,0.0,0.4797802210088268,0.021826968577575184,1706.9310460000404,943.591058060987,1041.439283981482,0.14764460028544452,1.2154644591763293,104.4826301960211,233.9635762284145,3.123655850297036
190,supercollider/SC_200403_162737.aiff,150.732421875,1.0,0.49005734880148477,0.02670257670259968,2012.7869316636227,1170.9422652204844,1300.7139932244236,0.18116562137601508,0.8459708085306697,33.77091073589595,462.20274462772716,5.182167432962936
191,supercollider/SC_200403_165458.aiff,172.265625,0.0,0.4452062410163568,0.031022363427233385,3717.024040572074,1804.5191671367998,2139.6507720248846,0.30276223463011576,1.3675453630375727,280.72809398824614,467.48203688665444,1.6377263733663967
192,supercollider/SC_200403_165644.aiff,86.1328125,1.0,0.38893955319590306,0.05102210879829351,5398.601063443644,2447.5588399139306,2742.8629916077434,0.11227836149664294,1.3654384173861005,88.66475003439204,225.15191383185558,3.7009636351414597
193,supercollider/SC_200403_165855.aiff,107.666015625,0.0,0.3510766653106494,0.039284574113778024,3935.4665079496867,1922.8580031226916,2038.3690739656004,0.1222543368080051,1.4627360174223565,74.14820875957638,225.77681870790175,4.424883484923306
194,supercollider/SC_200403_170102.aiff,129.19921875,1.0,0.3203446456440713,0.042160976558956544,2996.621319077681,1683.8194344180672,1707.077753907187,0.07743520535328,1.0184577957324623,26.700728115147037,292.434596322204,8.65423460452862
195,supercollider/SC_200403_170228.aiff,150.732421875,0.0,0.4235884429022605,0.05234879283705505,4392.575721863701,2340.1588916300975,2466.2631855184986,0.141796563315123,1.1874279994822547,122.30350264537286,266.7717744905533,4.353279222655268
196,supercollider/SC_200403_170401.aiff,172.265625,1.0,0.5131837625171622,0.050584043393442225,5151.558916210111,2698.0879479174314,2884.2728463997355,0.20566077715391545,1.0980419735750586,118.6230504684199,437.16019887218624,5.433090706707517
197,supercollider/SC_200403_170538.aiff,86.1328125,0.0,0.316668601048112,0.09018715405936481,7283.430359118058,3465.259273748557,3343.4726941962244,0.07257141661325699,1.2015834321086594,14.70622461252136,166.98409822457484,6.142044178847502
198,supercollider/SC_200403_170819.aiff,107.666015625,1.0,0.5218635386835242,0.012294641969506288,844.5727772802873,622.3285489688835,1042.8876144756232,0.17222604357442936,1.4880089505075906,83.50854649491022,328.55366977056053,4.856218664002698
199,supercollider/SC_200403_183248.aiff,129.19921875,0.0,0.4608998260757672,0.016886518140107082,1147.830446006908,746.8216618481392,829.4896117645234,0.22396087294240782,1.060782815502228,174.03356620729986,381.82452861673846,2.2008417030930136
200,supercollider/SC_200403_183441.aiff,150.732421875,1.0,0.4054647289427453,0.02184179010985892,1652.698026706938,1023.3731284029509,1196.820682879531,0.35338996169156456,1.3066606108608214,413.6632264158352,565.9210390842322,0.9829348403771991
201,supercollider/SC_200403_183634.aiff,172.265625,0.0,0.4274885459606254,0.03176567281064692,2139.991091908249,1329.1738538084974,1552.9170127684783,0.2856173940222083,0.7812251339173676,38.83444694468676,614.4103693048772,5.105879700946127
202,supercollider/SC_200403_183807.aiff,86.1328125,1.0,0.336946072463314,0.052471793509158794,3035.280204755288,2075.391855258619,2166.259318852205,0.11582128924227811,1.3177389428694362,57.629788848692506,252.00291411430845,8.099717852290032
203,supercollider/SC_200403_183953.aiff,107.666015625,0.0,0.3211334160405068,0.04843325013632132,4426.219542892314,2228.0193657226355,2431.8953476858214,0.21117666600925714,1.1148173906285885,23.47800704270062,404.7814418056097,4.3652641534996945
204,supercollider/SC_200403_184126.aiff,129.19921875,1.0,0.5543940105719447,0.013244131119425979,1111.4545016036325,724.9841775067722,1074.975888711261,0.25729866918927463,1.570636947105655,231.4651612980607,408.7587218693882,2.7391300936392473
205,supercollider/SC_200403_184410.aiff,150.732421875,0.0,0.45387683403597523,0.01974187695199401,1666.1671890179682,967.1369240583199,1137.4862165219165,0.2826760614100128,1.0009678374715343,81.98661189690011,598.6540838708004,3.5077660848681
206,supercollider/SC_200403_184925.aiff,172.265625,1.0,0.47600140771447663,0.025011110045098137,2255.4965172455036,1275.3669828584639,1748.3216524539332,0.26889497455639977,1.16968288027686,232.9246908543388,570.2775526986136,2.5645021344313044
207,supercollider/SC_200403_185119.aiff,86.1328125,0.0,0.5577366243959656,0.03783788081150465,3027.940538997781,1931.9971650063305,2169.917662194842,0.13204816532508276,1.6362019894723079,69.13797540908348,238.49481920110537,7.613181928843045
208,supercollider/SC_200403_185404.aiff,107.666015625,1.0,0.4348033866584482,0.11772316366494287,8471.620029762757,4064.657009723946,4004.061030429807,0.16441445392569576,1.0376580341837212,15.11325578414267,347.68937956510933,5.463861077681875
209,supercollider/SC_200403_185540.aiff,129.19921875,0.0,0.4342165938996636,0.03270441829036459,2434.4348229786424,1350.725869647465,1617.3051438119387,0.2104164124916049,1.4091250502171118,229.94912079918387,336.7974828583982,1.752267665178494
210,supercollider/SC_200403_185734.aiff,150.732421875,1.0,0.36426098131768014,0.028927395638583576,2077.2385848780727,1238.0869228415172,1510.4551103340978,0.3141826328223216,1.099243743134269,238.6631828741012,521.1629171950495,1.6256416060108667
211,supercollider/SC_200403_185853.aiff,172.265625,0.0,0.670874694772737,0.05846006471526976,5154.256358556469,2678.9239437197916,2851.074571469815,0.21244233958489483,1.5690468891526907,143.64879873734972,329.0592968160405,4.845369594628914
212,supercollider/SC_200403_190032.aiff,86.1328125,1.0,0.3807422017778611,0.04394715929493884,4078.8442521236957,2343.6371160080807,2796.941757215952,0.1503718257493635,1.2342741451615677,5.417311374979682,284.65677482359007,8.005557110029589
213,supercollider/SC_200403_190235.aiff,107.666015625,0.0,0.31010971905386486,0.029411236839511842,2176.4392473101543,1265.110582628924,1438.3232566768745,0.22135610953674936,1.1496444822724365,146.07609592585803,352.7795832963569,2.7086463419144913
214,supercollider/SC_200403_190444.aiff,129.19921875,1.0,0.32684151560244196,0.02514846682279587,2055.8109465908265,1164.593879301341,1253.772836252313,0.3016729038049199,1.4938642942039546,401.2809753657977,439.5163762322228,0.7806782009114253
215,supercollider/SC_200403_190639.aiff,150.732421875,0.0,0.4482896631030705,0.03821301677071218,5388.799304334327,2380.831809344254,2963.604860750029,0.2061873008459849,0.9383236747362635,181.1880409624713,388.86028039922667,4.0750073163852685
216,supercollider/SC_200403_190815.aiff,172.265625,1.0,0.4583875131713769,0.0245303098272897,3382.768557752508,1660.3087930733445,2070.2889896278357,0.3776445491081727,1.4381377778726243,468.2498050231517,622.7475302601143,0.4877593938350968
217,supercollider/SC_200403_190940.aiff,86.1328125,0.0,0.32758060414317947,0.04473872978578427,2759.0232236419015,2043.7672611164858,2305.433343292857,0.12800628581797704,1.3586466534001933,3.744855767797627,306.07076354464357,10.353908996720545
218,supercollider/SC_200403_191126.aiff,107.666015625,1.0,0.41205987920755915,0.015883000051818936,813.0489730992617,588.6016898537681,719.5935732762518,0.22442939975360449,1.269032409008505,92.79157739979422,416.73354354955984,3.30540682863395
219,supercollider/SC_200403_191330.aiff,129.19921875,0.0,0.5318279235797736,0.011496303832632124,866.0145992142943,641.57011323603,928.6874719685067,0.29327435436031596,1.4105314919092398,277.4132815993422,481.85110547266186,2.410981130174797
220,supercollider/SC_200403_191538.aiff,150.732421875,1.0,0.4239598960289749,0.02262894339566796,1420.3954480249465,1007.5607679856664,1296.9622726606349,0.28185293256563115,1.2811257246143195,61.31704747919,431.20072629201036,2.6607617181808907
221,supercollider/SC_200404_161045.aiff,172.265625,0.0,0.4888514674981764,0.04664088374660592,3240.8266181535064,2021.0977155997116,2205.959305474489,0.35092756614556264,1.2170148958646247,397.5607416401494,583.1655259094414,2.60032069435829
222,supercollider/SC_200404_161155.aiff,86.1328125,1.0,0.3426352898246412,0.015058018982483806,798.4719779490445,742.2425634225594,1016.5272533063228,0.17849976850327126,1.158232108380359,88.58092131808309,344.63234545179944,4.826340502861755
223,supercollider/SC_200404_161639.aiff,107.666015625,0.0,0.44013538992958506,0.016164701744076575,1360.6492204005244,818.9860956481791,905.7284103027931,0.21823684432345308,1.0536573272641967,149.17539572099963,393.23503423514,3.1044953281861445
224,supercollider/SC_200404_161834.aiff,129.19921875,1.0,0.40783057581564364,0.018114902594235552,1040.4583286196655,759.5143241020238,891.9662860804802,0.3103417278614773,1.5024079973099016,349.7834376351315,571.8126692324058,1.4354297992961813
225,supercollider/SC_200404_162010.aiff,150.732421875,0.0,0.40223757513227804,0.028449979757492368,2543.1735597922248,1333.114944173391,1430.731884444003,0.3197137885997404,1.455783051491054,444.0128117618681,527.4280449447641,1.8551713055544123
226,supercollider/SC_200404_162440.aiff,172.265625,1.0,0.32347759481434685,0.0426108474334342,7193.782169912287,2884.078210412182,3730.7106978254687,0.35397228260811614,1.1931053870984494,415.7260771179371,543.056426915876,0.903354272748573
227,supercollider/SC_200404_162553.aiff,86.1328125,0.0,0.32763456802797714,0.023578453143189577,1799.9364796982547,1107.6533465211483,1212.493773957855,0.13287451742833353,1.0949997396701772,38.41113730670928,235.00860439790986,4.731271880226914
228,supercollider/SC_200404_162746.aiff,107.666015625,1.0,0.5559353862756731,0.03321409215746552,3199.956365822417,1882.756230783516,1975.6121902383547,0.13127545434747584,1.245604921227929,54.96971420736975,306.6548631009791,11.308192370476657
229,supercollider/SC_200404_162931.aiff,129.19921875,0.0,0.41818962965902706,0.058534821457465476,8606.24312568779,3862.3827184476936,4507.150540284771,0.22414832286868355,1.1725294983378909,3.477959382642663,370.31282136720995,6.395775006934735
230,supercollider/SC_200404_163100.aiff,150.732421875,1.0,0.470537538583356,0.04868892641535613,3642.932233158359,2309.2237975319435,2434.3006919064146,0.28457175142195845,1.4430010051016833,87.21835620936419,587.241909086398,6.253526934910551
231,supercollider/SC_200404_163252.aiff,172.265625,0.0,0.3542009472413018,0.02596203659330031,2939.1388690376625,1535.3403010681386,1899.7013925150463,0.30280261248108736,1.2211506766743643,339.73708034340746,515.2544458373105,1.0817856239036008
232,supercollider/SC_200404_163609.aiff,86.1328125,1.0,0.6793513583057832,0.013822291069505655,2291.4881035874578,1242.9129277204645,1804.969420852252,0.10031914549323401,1.6428588147511145,102.5724265241988,138.20484939747,3.6552435680688675
233,supercollider/SC_200404_163800.aiff,107.666015625,0.0,0.38298593343535214,0.059470639548250624,5236.310132091885,2533.6678903128254,2862.4677479049296,0.07946544464424656,1.30111182254938,29.73093588999441,169.89149594765175,5.41168474772409
234,supercollider/SC_200404_164003.aiff,129.19921875,1.0,0.35521898676205943,0.06047423748446374,3353.035204524736,2387.890335469025,2221.786289117813,0.2203564637117167,1.304263184737521,93.41318401065658,400.49306972234035,5.175929041147547
235,supercollider/SC_200404_164134.aiff,150.732421875,0.0,0.4576639534349646,0.028339935375809637,4647.227451946925,2078.739949695823,2940.692266699749,0.2993750033551375,1.3144644151499825,383.3002511826805,417.98933045967306,0.8714728098683541
